<?xml version="1.0" encoding="UTF-8" ?>
<!DOCTYPE mapper PUBLIC "-//mybatis.org//DTD Mapper 3.0//EN" "http://mybatis.org/dtd/mybatis-3-mapper.dtd" >
<mapper namespace="cn.com.softvan.dao.daointer.user.ITcUaUmPermissionDao" >
  <resultMap id="BaseResultMap" type="cn.com.softvan.dao.entity.user.TcUaUmPermission" >
    <!--
      WARNING - @mbggenerated
      This element is automatically generated by MyBatis Generator, do not modify.
      This element was generated on Tue Feb 25 17:19:04 CST 2014.
    -->
    <id column="id" property="id" jdbcType="VARCHAR" />
    <id column="role_id" property="role_id" jdbcType="VARCHAR" />
    <result column="url" property="url" jdbcType="VARCHAR" />
    <result column="date_created" property="date_created" jdbcType="TIMESTAMP" />
    <result column="last_updated" property="last_updated" jdbcType="TIMESTAMP" />
    <result column="create_id" property="create_id" jdbcType="VARCHAR" />
    <result column="update_id" property="update_id" jdbcType="VARCHAR" />
    <result column="create_ip" property="create_ip" jdbcType="VARCHAR" />
    <result column="update_ip" property="update_ip" jdbcType="VARCHAR" />
  </resultMap>
  <sql id="Base_Column_List" >
    <!--
      WARNING - @mbggenerated
      This element is automatically generated by MyBatis Generator, do not modify.
      This element was generated on Tue Feb 25 17:19:04 CST 2014.
    -->
    id, role_id, url, date_created, last_updated, create_id, update_id, create_ip, update_ip
  </sql>
  <select id="selectByPrimaryKey" resultMap="BaseResultMap" parameterType="cn.com.softvan.dao.entity.user.TcUaUmPermission" >
    <!--
      WARNING - @mbggenerated
      This element is automatically generated by MyBatis Generator, do not modify.
      This element was generated on Tue Feb 25 17:19:04 CST 2014.
    -->
    select 
    <include refid="Base_Column_List" />
    from tc_ua_um_permission
    where id = #{id,jdbcType=VARCHAR}
      and role_id = #{roleId,jdbcType=VARCHAR}
  </select>
  <delete id="deleteByPrimaryKey" parameterType="cn.com.softvan.dao.entity.user.TcUaUmPermission" >
    <!--
      WARNING - @mbggenerated
      This element is automatically generated by MyBatis Generator, do not modify.
      This element was generated on Tue Feb 25 17:19:04 CST 2014.
    -->
    delete from tc_ua_um_permission
    where id = #{id,jdbcType=VARCHAR}
      and role_id = #{roleId,jdbcType=VARCHAR}
  </delete>
  <insert id="insert" parameterType="cn.com.softvan.dao.entity.user.TcUaUmPermission" >
    <!--
      WARNING - @mbggenerated
      This element is automatically generated by MyBatis Generator, do not modify.
      This element was generated on Tue Feb 25 17:19:04 CST 2014.
    -->
    insert into tc_ua_um_permission (id, role_id, url, 
      date_created, last_updated, create_id, 
      update_id, create_ip, update_ip
      )
    values (#{id,jdbcType=VARCHAR}, #{roleId,jdbcType=VARCHAR}, #{url,jdbcType=VARCHAR}, 
      #{date_created,jdbcType=TIMESTAMP}, #{last_updated,jdbcType=TIMESTAMP}, #{create_id,jdbcType=VARCHAR}, 
      #{update_id,jdbcType=VARCHAR}, #{create_ip,jdbcType=VARCHAR}, #{update_ip,jdbcType=VARCHAR}
      )
  </insert>
  <insert id="insertSelective" parameterType="cn.com.softvan.dao.entity.user.TcUaUmPermission" >
    <!--
      WARNING - @mbggenerated
      This element is automatically generated by MyBatis Generator, do not modify.
      This element was generated on Tue Feb 25 17:19:04 CST 2014.
    -->
    insert into tc_ua_um_permission
    <trim prefix="(" suffix=")" suffixOverrides="," >
      <if test="id != null" >
        id,
      </if>
      <if test="roleId != null" >
        role_id,
      </if>
      <if test="url != null" >
        url,
      </if>
      <if test="date_created != null" >
        date_created,
      </if>
      <if test="last_updated != null" >
        last_updated,
      </if>
      <if test="create_id != null" >
        create_id,
      </if>
      <if test="update_id != null" >
        update_id,
      </if>
      <if test="create_ip != null" >
        create_ip,
      </if>
      <if test="update_ip != null" >
        update_ip,
      </if>
    </trim>
    <trim prefix="values (" suffix=")" suffixOverrides="," >
      <if test="id != null" >
        #{id,jdbcType=VARCHAR},
      </if>
      <if test="roleId != null" >
        #{roleId,jdbcType=VARCHAR},
      </if>
      <if test="url != null" >
        #{url,jdbcType=VARCHAR},
      </if>
      <if test="date_created != null" >
        #{date_created,jdbcType=TIMESTAMP},
      </if>
      <if test="last_updated != null" >
        #{last_updated,jdbcType=TIMESTAMP},
      </if>
      <if test="create_id != null" >
        #{create_id,jdbcType=VARCHAR},
      </if>
      <if test="update_id != null" >
        #{update_id,jdbcType=VARCHAR},
      </if>
      <if test="create_ip != null" >
        #{create_ip,jdbcType=VARCHAR},
      </if>
      <if test="update_ip != null" >
        #{update_ip,jdbcType=VARCHAR},
      </if>
    </trim>
  </insert>
  <update id="updateByPrimaryKeySelective" parameterType="cn.com.softvan.dao.entity.user.TcUaUmPermission" >
    <!--
      WARNING - @mbggenerated
      This element is automatically generated by MyBatis Generator, do not modify.
      This element was generated on Tue Feb 25 17:19:04 CST 2014.
    -->
    update tc_ua_um_permission
    <set >
      <if test="url != null" >
        url = #{url,jdbcType=VARCHAR},
      </if>
      <if test="date_created != null" >
        date_created = #{date_created,jdbcType=TIMESTAMP},
      </if>
      <if test="last_updated != null" >
        last_updated = #{last_updated,jdbcType=TIMESTAMP},
      </if>
      <if test="create_id != null" >
        create_id = #{create_id,jdbcType=VARCHAR},
      </if>
      <if test="update_id != null" >
        update_id = #{update_id,jdbcType=VARCHAR},
      </if>
      <if test="create_ip != null" >
        create_ip = #{create_ip,jdbcType=VARCHAR},
      </if>
      <if test="update_ip != null" >
        update_ip = #{update_ip,jdbcType=VARCHAR},
      </if>
    </set>
    where id = #{id,jdbcType=VARCHAR}
      and role_id = #{roleId,jdbcType=VARCHAR}
  </update>
  <update id="updateByPrimaryKey" parameterType="cn.com.softvan.dao.entity.user.TcUaUmPermission" >
    <!--
      WARNING - @mbggenerated
      This element is automatically generated by MyBatis Generator, do not modify.
      This element was generated on Tue Feb 25 17:19:04 CST 2014.
    -->
    update tc_ua_um_permission
    set url = #{url,jdbcType=VARCHAR},
      date_created = #{date_created,jdbcType=TIMESTAMP},
      last_updated = #{last_updated,jdbcType=TIMESTAMP},
      create_id = #{create_id,jdbcType=VARCHAR},
      update_id = #{update_id,jdbcType=VARCHAR},
      create_ip = #{create_ip,jdbcType=VARCHAR},
      update_ip = #{update_ip,jdbcType=VARCHAR}
    where id = #{id,jdbcType=VARCHAR}
      and role_id = #{roleId,jdbcType=VARCHAR}
  </update>
</mapper>