<?xml version="1.0" encoding="UTF-8" ?>
<!DOCTYPE mapper PUBLIC "-//mybatis.org//DTD Mapper 3.0//EN" "http://mybatis.org/dtd/mybatis-3-mapper.dtd" >
<mapper namespace="cn.com.softvan.dao.daointer.user.ITcUaUmBaseRoleDao" >
  <resultMap id="BaseResultMap" type="cn.com.softvan.dao.entity.user.TcUaUmBaseRole" >
    <!--
      WARNING - @mbggenerated
      This element is automatically generated by MyBatis Generator, do not modify.
      This element was generated on Tue Feb 25 17:19:04 CST 2014.
    -->
    <id column="id" property="id" jdbcType="VARCHAR" />
    <result column="authority" property="authority" jdbcType="VARCHAR" />
    <result column="description" property="description" jdbcType="VARCHAR" />
    <result column="create_id" property="create_id" jdbcType="VARCHAR" />
    <result column="create_ip" property="create_ip" jdbcType="VARCHAR" />
    <result column="date_created" property="date_created" jdbcType="TIMESTAMP" />
    <result column="last_updated" property="last_updated" jdbcType="TIMESTAMP" />
    <result column="update_id" property="update_id" jdbcType="VARCHAR" />
    <result column="update_ip" property="update_ip" jdbcType="VARCHAR" />
  </resultMap>
  <sql id="Base_Column_List" >
    <!--
      WARNING - @mbggenerated
      This element is automatically generated by MyBatis Generator, do not modify.
      This element was generated on Tue Feb 25 17:19:04 CST 2014.
    -->
    id, authority, description, create_id, create_ip, date_created, last_updated, update_id, 
    update_ip
  </sql>
  <select id="selectByPrimaryKey" resultMap="BaseResultMap" parameterType="java.lang.String" >
    <!--
      WARNING - @mbggenerated
      This element is automatically generated by MyBatis Generator, do not modify.
      This element was generated on Tue Feb 25 17:19:04 CST 2014.
    -->
    select 
    <include refid="Base_Column_List" />
    from tc_ua_um_base_role
    where id = #{id,jdbcType=VARCHAR}
  </select>
  <delete id="deleteByPrimaryKey" parameterType="java.lang.String" >
    <!--
      WARNING - @mbggenerated
      This element is automatically generated by MyBatis Generator, do not modify.
      This element was generated on Tue Feb 25 17:19:04 CST 2014.
    -->
    delete from tc_ua_um_base_role
    where id = #{id,jdbcType=VARCHAR}
  </delete>
  <insert id="insert" parameterType="cn.com.softvan.dao.entity.user.TcUaUmBaseRole" >
    <!--
      WARNING - @mbggenerated
      This element is automatically generated by MyBatis Generator, do not modify.
      This element was generated on Tue Feb 25 17:19:04 CST 2014.
    -->
    insert into tc_ua_um_base_role (id, authority, description, 
      create_id, create_ip, date_created, 
      last_updated, update_id, update_ip
      )
    values (#{id,jdbcType=VARCHAR}, #{authority,jdbcType=VARCHAR}, #{description,jdbcType=VARCHAR}, 
      #{create_id,jdbcType=VARCHAR}, #{create_ip,jdbcType=VARCHAR}, #{date_created,jdbcType=TIMESTAMP}, 
      #{last_updated,jdbcType=TIMESTAMP}, #{update_id,jdbcType=VARCHAR}, #{update_ip,jdbcType=VARCHAR}
      )
  </insert>
  <insert id="insertSelective" parameterType="cn.com.softvan.dao.entity.user.TcUaUmBaseRole" >
    <!--
      WARNING - @mbggenerated
      This element is automatically generated by MyBatis Generator, do not modify.
      This element was generated on Tue Feb 25 17:19:04 CST 2014.
    -->
    insert into tc_ua_um_base_role
    <trim prefix="(" suffix=")" suffixOverrides="," >
      <if test="id != null" >
        id,
      </if>
      <if test="authority != null" >
        authority,
      </if>
      <if test="description != null" >
        description,
      </if>
      <if test="create_id != null" >
        create_id,
      </if>
      <if test="create_ip != null" >
        create_ip,
      </if>
      <if test="date_created != null" >
        date_created,
      </if>
      <if test="last_updated != null" >
        last_updated,
      </if>
      <if test="update_id != null" >
        update_id,
      </if>
      <if test="update_ip != null" >
        update_ip,
      </if>
    </trim>
    <trim prefix="values (" suffix=")" suffixOverrides="," >
      <if test="id != null" >
        #{id,jdbcType=VARCHAR},
      </if>
      <if test="authority != null" >
        #{authority,jdbcType=VARCHAR},
      </if>
      <if test="description != null" >
        #{description,jdbcType=VARCHAR},
      </if>
      <if test="create_id != null" >
        #{create_id,jdbcType=VARCHAR},
      </if>
      <if test="create_ip != null" >
        #{create_ip,jdbcType=VARCHAR},
      </if>
      <if test="date_created != null" >
        #{date_created,jdbcType=TIMESTAMP},
      </if>
      <if test="last_updated != null" >
        #{last_updated,jdbcType=TIMESTAMP},
      </if>
      <if test="update_id != null" >
        #{update_id,jdbcType=VARCHAR},
      </if>
      <if test="update_ip != null" >
        #{update_ip,jdbcType=VARCHAR},
      </if>
    </trim>
  </insert>
  <update id="updateByPrimaryKeySelective" parameterType="cn.com.softvan.dao.entity.user.TcUaUmBaseRole" >
    <!--
      WARNING - @mbggenerated
      This element is automatically generated by MyBatis Generator, do not modify.
      This element was generated on Tue Feb 25 17:19:04 CST 2014.
    -->
    update tc_ua_um_base_role
    <set >
      <if test="authority != null" >
        authority = #{authority,jdbcType=VARCHAR},
      </if>
      <if test="description != null" >
        description = #{description,jdbcType=VARCHAR},
      </if>
      <if test="create_id != null" >
        create_id = #{create_id,jdbcType=VARCHAR},
      </if>
      <if test="create_ip != null" >
        create_ip = #{create_ip,jdbcType=VARCHAR},
      </if>
      <if test="date_created != null" >
        date_created = #{date_created,jdbcType=TIMESTAMP},
      </if>
      <if test="last_updated != null" >
        last_updated = #{last_updated,jdbcType=TIMESTAMP},
      </if>
      <if test="update_id != null" >
        update_id = #{update_id,jdbcType=VARCHAR},
      </if>
      <if test="update_ip != null" >
        update_ip = #{update_ip,jdbcType=VARCHAR},
      </if>
    </set>
    where id = #{id,jdbcType=VARCHAR}
  </update>
  <update id="updateByPrimaryKey" parameterType="cn.com.softvan.dao.entity.user.TcUaUmBaseRole" >
    <!--
      WARNING - @mbggenerated
      This element is automatically generated by MyBatis Generator, do not modify.
      This element was generated on Tue Feb 25 17:19:04 CST 2014.
    -->
    update tc_ua_um_base_role
    set authority = #{authority,jdbcType=VARCHAR},
      description = #{description,jdbcType=VARCHAR},
      create_id = #{create_id,jdbcType=VARCHAR},
      create_ip = #{create_ip,jdbcType=VARCHAR},
      date_created = #{date_created,jdbcType=TIMESTAMP},
      last_updated = #{last_updated,jdbcType=TIMESTAMP},
      update_id = #{update_id,jdbcType=VARCHAR},
      update_ip = #{update_ip,jdbcType=VARCHAR}
    where id = #{id,jdbcType=VARCHAR}
  </update>
</mapper>