<?xml version="1.0" encoding="UTF-8" ?>
<!DOCTYPE mapper PUBLIC "-//mybatis.org//DTD Mapper 3.0//EN" "http://mybatis.org/dtd/mybatis-3-mapper.dtd" >
<mapper namespace="cn.com.softvan.dao.daointer.user.ITcUaUmBaseUserDao" >
  <resultMap id="BaseResultMap" type="cn.com.softvan.dao.entity.user.TcUaUmBaseUser" >
    <!--
      WARNING - @mbggenerated
      This element is automatically generated by MyBatis Generator, do not modify.
      This element was generated on Tue Feb 25 17:19:04 CST 2014.
    -->
    <id column="id" property="id" jdbcType="VARCHAR" />
    <result column="birthday" property="birthday" jdbcType="TIMESTAMP" />
    <result column="reg_date" property="reg_date" jdbcType="TIMESTAMP" />
    <result column="email" property="email" jdbcType="VARCHAR" />
    <result column="enabled" property="enabled" jdbcType="CHAR" />
    <result column="last_login" property="last_login" jdbcType="TIMESTAMP" />
    <result column="mobile" property="mobile" jdbcType="VARCHAR" />
    <result column="nickname" property="nickname" jdbcType="VARCHAR" />
    <result column="passwd" property="passwd" jdbcType="VARCHAR" />
    <result column="power_group_id" property="power_group_id" jdbcType="VARCHAR" />
    <result column="sex" property="sex" jdbcType="CHAR" />
    <result column="use_type" property="use_type" jdbcType="VARCHAR" />
    <result column="username" property="username" jdbcType="VARCHAR" />
    <result column="age" property="age" jdbcType="VARCHAR" />
    <result column="mobile_phone" property="mobile_phone" jdbcType="VARCHAR" />
    <result column="work_phone" property="work_phone" jdbcType="VARCHAR" />
    <result column="other_phone" property="other_phone" jdbcType="VARCHAR" />
    <result column="address" property="address" jdbcType="VARCHAR" />
    <result column="detail_address" property="detail_address" jdbcType="VARCHAR" />
    <result column="post_code" property="post_code" jdbcType="VARCHAR" />
    <result column="credential_code" property="credential_code" jdbcType="VARCHAR" />
    <result column="credential" property="credential" jdbcType="VARCHAR" />
    <result column="date_created" property="date_created" jdbcType="TIMESTAMP" />
    <result column="create_id" property="create_id" jdbcType="VARCHAR" />
    <result column="create_ip" property="create_ip" jdbcType="VARCHAR" />
    <result column="last_updated" property="last_updated" jdbcType="TIMESTAMP" />
    <result column="update_id" property="update_id" jdbcType="VARCHAR" />
    <result column="update_ip" property="update_ip" jdbcType="VARCHAR" />
    <result column="version" property="version" jdbcType="INTEGER" />
    <result column="del_flag" property="del_flag" jdbcType="CHAR" />
  </resultMap>
  <sql id="Base_Column_List" >
    <!--
      WARNING - @mbggenerated
      This element is automatically generated by MyBatis Generator, do not modify.
      This element was generated on Tue Feb 25 17:19:04 CST 2014.
    -->
    id, birthday, reg_date, email, enabled, last_login, mobile, nickname, passwd, power_group_id, 
    sex, use_type, username, age, mobile_phone, work_phone, other_phone, address, detail_address, 
    post_code, credential_code, credential, date_created, create_id, create_ip, last_updated, 
    update_id, update_ip, version, del_flag
  </sql>
  <select id="selectByPrimaryKey" resultMap="BaseResultMap" parameterType="java.lang.String" >
    <!--
      WARNING - @mbggenerated
      This element is automatically generated by MyBatis Generator, do not modify.
      This element was generated on Tue Feb 25 17:19:04 CST 2014.
    -->
    select 
    <include refid="Base_Column_List" />
    from tc_ua_um_base_user
    where id = #{id,jdbcType=VARCHAR}
  </select>
  <delete id="deleteByPrimaryKey" parameterType="java.lang.String" >
    <!--
      WARNING - @mbggenerated
      This element is automatically generated by MyBatis Generator, do not modify.
      This element was generated on Tue Feb 25 17:19:04 CST 2014.
    -->
    delete from tc_ua_um_base_user
    where id = #{id,jdbcType=VARCHAR}
  </delete>
  <insert id="insert" parameterType="cn.com.softvan.dao.entity.user.TcUaUmBaseUser" >
    <!--
      WARNING - @mbggenerated
      This element is automatically generated by MyBatis Generator, do not modify.
      This element was generated on Tue Feb 25 17:19:04 CST 2014.
    -->
    insert into tc_ua_um_base_user (id, birthday, reg_date, 
      email, enabled, last_login, 
      mobile, nickname, passwd, 
      power_group_id, sex, use_type, 
      username, age, mobile_phone, 
      work_phone, other_phone, address, 
      detail_address, post_code, credential_code, 
      credential, date_created, create_id, 
      create_ip, last_updated, update_id, 
      update_ip, version, del_flag
      )
    values (#{id,jdbcType=VARCHAR}, #{birthday,jdbcType=TIMESTAMP}, #{regDate,jdbcType=TIMESTAMP}, 
      #{email,jdbcType=VARCHAR}, #{enabled,jdbcType=CHAR}, #{lastLogin,jdbcType=TIMESTAMP}, 
      #{mobile,jdbcType=VARCHAR}, #{nickname,jdbcType=VARCHAR}, #{passwd,jdbcType=VARCHAR}, 
      #{powerGroupId,jdbcType=VARCHAR}, #{sex,jdbcType=CHAR}, #{useType,jdbcType=VARCHAR}, 
      #{username,jdbcType=VARCHAR}, #{age,jdbcType=VARCHAR}, #{mobilePhone,jdbcType=VARCHAR}, 
      #{workPhone,jdbcType=VARCHAR}, #{otherPhone,jdbcType=VARCHAR}, #{address,jdbcType=VARCHAR}, 
      #{detailAddress,jdbcType=VARCHAR}, #{postCode,jdbcType=VARCHAR}, #{credentialCode,jdbcType=VARCHAR}, 
      #{credential,jdbcType=VARCHAR}, #{date_created,jdbcType=TIMESTAMP}, #{create_id,jdbcType=VARCHAR}, 
      #{create_ip,jdbcType=VARCHAR}, #{last_updated,jdbcType=TIMESTAMP}, #{update_id,jdbcType=VARCHAR}, 
      #{update_ip,jdbcType=VARCHAR}, #{version,jdbcType=INTEGER}, #{del_flag,jdbcType=CHAR}
      )
  </insert>
  <insert id="insertSelective" parameterType="cn.com.softvan.dao.entity.user.TcUaUmBaseUser" >
    <!--
      WARNING - @mbggenerated
      This element is automatically generated by MyBatis Generator, do not modify.
      This element was generated on Tue Feb 25 17:19:04 CST 2014.
    -->
    insert into tc_ua_um_base_user
    <trim prefix="(" suffix=")" suffixOverrides="," >
      <if test="id != null" >
        id,
      </if>
      <if test="birthday != null" >
        birthday,
      </if>
      <if test="regDate != null" >
        reg_date,
      </if>
      <if test="email != null" >
        email,
      </if>
      <if test="enabled != null" >
        enabled,
      </if>
      <if test="lastLogin != null" >
        last_login,
      </if>
      <if test="mobile != null" >
        mobile,
      </if>
      <if test="nickname != null" >
        nickname,
      </if>
      <if test="passwd != null" >
        passwd,
      </if>
      <if test="powerGroupId != null" >
        power_group_id,
      </if>
      <if test="sex != null" >
        sex,
      </if>
      <if test="useType != null" >
        use_type,
      </if>
      <if test="username != null" >
        username,
      </if>
      <if test="age != null" >
        age,
      </if>
      <if test="mobilePhone != null" >
        mobile_phone,
      </if>
      <if test="workPhone != null" >
        work_phone,
      </if>
      <if test="otherPhone != null" >
        other_phone,
      </if>
      <if test="address != null" >
        address,
      </if>
      <if test="detailAddress != null" >
        detail_address,
      </if>
      <if test="postCode != null" >
        post_code,
      </if>
      <if test="credentialCode != null" >
        credential_code,
      </if>
      <if test="credential != null" >
        credential,
      </if>
      <if test="date_created != null" >
        date_created,
      </if>
      <if test="create_id != null" >
        create_id,
      </if>
      <if test="create_ip != null" >
        create_ip,
      </if>
      <if test="last_updated != null" >
        last_updated,
      </if>
      <if test="update_id != null" >
        update_id,
      </if>
      <if test="update_ip != null" >
        update_ip,
      </if>
      <if test="version != null" >
        version,
      </if>
      <if test="del_flag != null" >
        del_flag,
      </if>
    </trim>
    <trim prefix="values (" suffix=")" suffixOverrides="," >
      <if test="id != null" >
        #{id,jdbcType=VARCHAR},
      </if>
      <if test="birthday != null" >
        #{birthday,jdbcType=TIMESTAMP},
      </if>
      <if test="regDate != null" >
        #{regDate,jdbcType=TIMESTAMP},
      </if>
      <if test="email != null" >
        #{email,jdbcType=VARCHAR},
      </if>
      <if test="enabled != null" >
        #{enabled,jdbcType=CHAR},
      </if>
      <if test="lastLogin != null" >
        #{lastLogin,jdbcType=TIMESTAMP},
      </if>
      <if test="mobile != null" >
        #{mobile,jdbcType=VARCHAR},
      </if>
      <if test="nickname != null" >
        #{nickname,jdbcType=VARCHAR},
      </if>
      <if test="passwd != null" >
        #{passwd,jdbcType=VARCHAR},
      </if>
      <if test="powerGroupId != null" >
        #{powerGroupId,jdbcType=VARCHAR},
      </if>
      <if test="sex != null" >
        #{sex,jdbcType=CHAR},
      </if>
      <if test="useType != null" >
        #{useType,jdbcType=VARCHAR},
      </if>
      <if test="username != null" >
        #{username,jdbcType=VARCHAR},
      </if>
      <if test="age != null" >
        #{age,jdbcType=VARCHAR},
      </if>
      <if test="mobilePhone != null" >
        #{mobilePhone,jdbcType=VARCHAR},
      </if>
      <if test="workPhone != null" >
        #{workPhone,jdbcType=VARCHAR},
      </if>
      <if test="otherPhone != null" >
        #{otherPhone,jdbcType=VARCHAR},
      </if>
      <if test="address != null" >
        #{address,jdbcType=VARCHAR},
      </if>
      <if test="detailAddress != null" >
        #{detailAddress,jdbcType=VARCHAR},
      </if>
      <if test="postCode != null" >
        #{postCode,jdbcType=VARCHAR},
      </if>
      <if test="credentialCode != null" >
        #{credentialCode,jdbcType=VARCHAR},
      </if>
      <if test="credential != null" >
        #{credential,jdbcType=VARCHAR},
      </if>
      <if test="date_created != null" >
        #{date_created,jdbcType=TIMESTAMP},
      </if>
      <if test="create_id != null" >
        #{create_id,jdbcType=VARCHAR},
      </if>
      <if test="create_ip != null" >
        #{create_ip,jdbcType=VARCHAR},
      </if>
      <if test="last_updated != null" >
        #{last_updated,jdbcType=TIMESTAMP},
      </if>
      <if test="update_id != null" >
        #{update_id,jdbcType=VARCHAR},
      </if>
      <if test="update_ip != null" >
        #{update_ip,jdbcType=VARCHAR},
      </if>
      <if test="version != null" >
        #{version,jdbcType=INTEGER},
      </if>
      <if test="del_flag != null" >
        #{del_flag,jdbcType=CHAR},
      </if>
    </trim>
  </insert>
  <update id="updateByPrimaryKeySelective" parameterType="cn.com.softvan.dao.entity.user.TcUaUmBaseUser" >
    <!--
      WARNING - @mbggenerated
      This element is automatically generated by MyBatis Generator, do not modify.
      This element was generated on Tue Feb 25 17:19:04 CST 2014.
    -->
    update tc_ua_um_base_user
    <set >
      <if test="birthday != null" >
        birthday = #{birthday,jdbcType=TIMESTAMP},
      </if>
      <if test="regDate != null" >
        reg_date = #{regDate,jdbcType=TIMESTAMP},
      </if>
      <if test="email != null" >
        email = #{email,jdbcType=VARCHAR},
      </if>
      <if test="enabled != null" >
        enabled = #{enabled,jdbcType=CHAR},
      </if>
      <if test="lastLogin != null" >
        last_login = #{lastLogin,jdbcType=TIMESTAMP},
      </if>
      <if test="mobile != null" >
        mobile = #{mobile,jdbcType=VARCHAR},
      </if>
      <if test="nickname != null" >
        nickname = #{nickname,jdbcType=VARCHAR},
      </if>
      <if test="passwd != null" >
        passwd = #{passwd,jdbcType=VARCHAR},
      </if>
      <if test="powerGroupId != null" >
        power_group_id = #{powerGroupId,jdbcType=VARCHAR},
      </if>
      <if test="sex != null" >
        sex = #{sex,jdbcType=CHAR},
      </if>
      <if test="useType != null" >
        use_type = #{useType,jdbcType=VARCHAR},
      </if>
      <if test="username != null" >
        username = #{username,jdbcType=VARCHAR},
      </if>
      <if test="age != null" >
        age = #{age,jdbcType=VARCHAR},
      </if>
      <if test="mobilePhone != null" >
        mobile_phone = #{mobilePhone,jdbcType=VARCHAR},
      </if>
      <if test="workPhone != null" >
        work_phone = #{workPhone,jdbcType=VARCHAR},
      </if>
      <if test="otherPhone != null" >
        other_phone = #{otherPhone,jdbcType=VARCHAR},
      </if>
      <if test="address != null" >
        address = #{address,jdbcType=VARCHAR},
      </if>
      <if test="detailAddress != null" >
        detail_address = #{detailAddress,jdbcType=VARCHAR},
      </if>
      <if test="postCode != null" >
        post_code = #{postCode,jdbcType=VARCHAR},
      </if>
      <if test="credentialCode != null" >
        credential_code = #{credentialCode,jdbcType=VARCHAR},
      </if>
      <if test="credential != null" >
        credential = #{credential,jdbcType=VARCHAR},
      </if>
      <if test="date_created != null" >
        date_created = #{date_created,jdbcType=TIMESTAMP},
      </if>
      <if test="create_id != null" >
        create_id = #{create_id,jdbcType=VARCHAR},
      </if>
      <if test="create_ip != null" >
        create_ip = #{create_ip,jdbcType=VARCHAR},
      </if>
      <if test="last_updated != null" >
        last_updated = #{last_updated,jdbcType=TIMESTAMP},
      </if>
      <if test="update_id != null" >
        update_id = #{update_id,jdbcType=VARCHAR},
      </if>
      <if test="update_ip != null" >
        update_ip = #{update_ip,jdbcType=VARCHAR},
      </if>
      <if test="version != null" >
        version = #{version,jdbcType=INTEGER},
      </if>
      <if test="del_flag != null" >
        del_flag = #{del_flag,jdbcType=CHAR},
      </if>
    </set>
    where id = #{id,jdbcType=VARCHAR}
  </update>
  <update id="updateByPrimaryKey" parameterType="cn.com.softvan.dao.entity.user.TcUaUmBaseUser" >
    <!--
      WARNING - @mbggenerated
      This element is automatically generated by MyBatis Generator, do not modify.
      This element was generated on Tue Feb 25 17:19:04 CST 2014.
    -->
    update tc_ua_um_base_user
    set birthday = #{birthday,jdbcType=TIMESTAMP},
      reg_date = #{regDate,jdbcType=TIMESTAMP},
      email = #{email,jdbcType=VARCHAR},
      enabled = #{enabled,jdbcType=CHAR},
      last_login = #{lastLogin,jdbcType=TIMESTAMP},
      mobile = #{mobile,jdbcType=VARCHAR},
      nickname = #{nickname,jdbcType=VARCHAR},
      passwd = #{passwd,jdbcType=VARCHAR},
      power_group_id = #{powerGroupId,jdbcType=VARCHAR},
      sex = #{sex,jdbcType=CHAR},
      use_type = #{useType,jdbcType=VARCHAR},
      username = #{username,jdbcType=VARCHAR},
      age = #{age,jdbcType=VARCHAR},
      mobile_phone = #{mobilePhone,jdbcType=VARCHAR},
      work_phone = #{workPhone,jdbcType=VARCHAR},
      other_phone = #{otherPhone,jdbcType=VARCHAR},
      address = #{address,jdbcType=VARCHAR},
      detail_address = #{detailAddress,jdbcType=VARCHAR},
      post_code = #{postCode,jdbcType=VARCHAR},
      credential_code = #{credentialCode,jdbcType=VARCHAR},
      credential = #{credential,jdbcType=VARCHAR},
      date_created = #{date_created,jdbcType=TIMESTAMP},
      create_id = #{create_id,jdbcType=VARCHAR},
      create_ip = #{create_ip,jdbcType=VARCHAR},
      last_updated = #{last_updated,jdbcType=TIMESTAMP},
      update_id = #{update_id,jdbcType=VARCHAR},
      update_ip = #{update_ip,jdbcType=VARCHAR},
      version = #{version,jdbcType=INTEGER},
      del_flag = #{del_flag,jdbcType=CHAR}
    where id = #{id,jdbcType=VARCHAR}
  </update>
</mapper>