<?xml version="1.0" encoding="UTF-8" ?>
<!DOCTYPE mapper PUBLIC "-//mybatis.org//DTD Mapper 3.0//EN" "http://mybatis.org/dtd/mybatis-3-mapper.dtd" >
<mapper namespace="cn.com.softvan.dao.daointer.user.ITcUaUmOperationLogDao" >
  <resultMap id="BaseResultMap" type="cn.com.softvan.dao.entity.user.TcUaUmOperationLog" >
    <!--
      WARNING - @mbggenerated
      This element is automatically generated by MyBatis Generator, do not modify.
      This element was generated on Tue Feb 25 17:19:04 CST 2014.
    -->
    <id column="id" property="id" jdbcType="VARCHAR" />
    <result column="type" property="type" jdbcType="VARCHAR" />
    <result column="channel" property="channel" jdbcType="VARCHAR" />
    <result column="note" property="note" jdbcType="VARCHAR" />
    <result column="date_created" property="date_created" jdbcType="TIMESTAMP" />
    <result column="create_id" property="create_id" jdbcType="VARCHAR" />
    <result column="create_ip" property="create_ip" jdbcType="VARCHAR" />
  </resultMap>
  <sql id="Base_Column_List" >
    <!--
      WARNING - @mbggenerated
      This element is automatically generated by MyBatis Generator, do not modify.
      This element was generated on Tue Feb 25 17:19:04 CST 2014.
    -->
    id, type, channel, note, date_created, create_id, create_ip
  </sql>
  <select id="selectByPrimaryKey" resultMap="BaseResultMap" parameterType="java.lang.String" >
    <!--
      WARNING - @mbggenerated
      This element is automatically generated by MyBatis Generator, do not modify.
      This element was generated on Tue Feb 25 17:19:04 CST 2014.
    -->
    select 
    <include refid="Base_Column_List" />
    from tc_ua_um_operation_log
    where id = #{id,jdbcType=VARCHAR}
  </select>
  <delete id="deleteByPrimaryKey" parameterType="java.lang.String" >
    <!--
      WARNING - @mbggenerated
      This element is automatically generated by MyBatis Generator, do not modify.
      This element was generated on Tue Feb 25 17:19:04 CST 2014.
    -->
    delete from tc_ua_um_operation_log
    where id = #{id,jdbcType=VARCHAR}
  </delete>
  <insert id="insert" parameterType="cn.com.softvan.dao.entity.user.TcUaUmOperationLog" >
    <!--
      WARNING - @mbggenerated
      This element is automatically generated by MyBatis Generator, do not modify.
      This element was generated on Tue Feb 25 17:19:04 CST 2014.
    -->
    insert into tc_ua_um_operation_log (id, type, channel, 
      note, date_created, create_id, 
      create_ip)
    values (#{id,jdbcType=VARCHAR}, #{type,jdbcType=VARCHAR}, #{channel,jdbcType=VARCHAR}, 
      #{note,jdbcType=VARCHAR}, #{date_created,jdbcType=TIMESTAMP}, #{create_id,jdbcType=VARCHAR}, 
      #{create_ip,jdbcType=VARCHAR})
  </insert>
  <insert id="insertSelective" parameterType="cn.com.softvan.dao.entity.user.TcUaUmOperationLog" >
    <!--
      WARNING - @mbggenerated
      This element is automatically generated by MyBatis Generator, do not modify.
      This element was generated on Tue Feb 25 17:19:04 CST 2014.
    -->
    insert into tc_ua_um_operation_log
    <trim prefix="(" suffix=")" suffixOverrides="," >
      <if test="id != null" >
        id,
      </if>
      <if test="type != null" >
        type,
      </if>
      <if test="channel != null" >
        channel,
      </if>
      <if test="note != null" >
        note,
      </if>
      <if test="date_created != null" >
        date_created,
      </if>
      <if test="create_id != null" >
        create_id,
      </if>
      <if test="create_ip != null" >
        create_ip,
      </if>
    </trim>
    <trim prefix="values (" suffix=")" suffixOverrides="," >
      <if test="id != null" >
        #{id,jdbcType=VARCHAR},
      </if>
      <if test="type != null" >
        #{type,jdbcType=VARCHAR},
      </if>
      <if test="channel != null" >
        #{channel,jdbcType=VARCHAR},
      </if>
      <if test="note != null" >
        #{note,jdbcType=VARCHAR},
      </if>
      <if test="date_created != null" >
        #{date_created,jdbcType=TIMESTAMP},
      </if>
      <if test="create_id != null" >
        #{create_id,jdbcType=VARCHAR},
      </if>
      <if test="create_ip != null" >
        #{create_ip,jdbcType=VARCHAR},
      </if>
    </trim>
  </insert>
  <update id="updateByPrimaryKeySelective" parameterType="cn.com.softvan.dao.entity.user.TcUaUmOperationLog" >
    <!--
      WARNING - @mbggenerated
      This element is automatically generated by MyBatis Generator, do not modify.
      This element was generated on Tue Feb 25 17:19:04 CST 2014.
    -->
    update tc_ua_um_operation_log
    <set >
      <if test="type != null" >
        type = #{type,jdbcType=VARCHAR},
      </if>
      <if test="channel != null" >
        channel = #{channel,jdbcType=VARCHAR},
      </if>
      <if test="note != null" >
        note = #{note,jdbcType=VARCHAR},
      </if>
      <if test="date_created != null" >
        date_created = #{date_created,jdbcType=TIMESTAMP},
      </if>
      <if test="create_id != null" >
        create_id = #{create_id,jdbcType=VARCHAR},
      </if>
      <if test="create_ip != null" >
        create_ip = #{create_ip,jdbcType=VARCHAR},
      </if>
    </set>
    where id = #{id,jdbcType=VARCHAR}
  </update>
  <update id="updateByPrimaryKey" parameterType="cn.com.softvan.dao.entity.user.TcUaUmOperationLog" >
    <!--
      WARNING - @mbggenerated
      This element is automatically generated by MyBatis Generator, do not modify.
      This element was generated on Tue Feb 25 17:19:04 CST 2014.
    -->
    update tc_ua_um_operation_log
    set type = #{type,jdbcType=VARCHAR},
      channel = #{channel,jdbcType=VARCHAR},
      note = #{note,jdbcType=VARCHAR},
      date_created = #{date_created,jdbcType=TIMESTAMP},
      create_id = #{create_id,jdbcType=VARCHAR},
      create_ip = #{create_ip,jdbcType=VARCHAR}
    where id = #{id,jdbcType=VARCHAR}
  </update>
</mapper>