<?xml version="1.0" encoding="UTF-8" ?>
<!DOCTYPE mapper PUBLIC "-//mybatis.org//DTD Mapper 3.0//EN" "http://mybatis.org/dtd/mybatis-3-mapper.dtd" >
<mapper namespace="cn.com.softvan.dao.daointer.adi.IAreaDao" >
<!-- 
	/**
	 * <p>信息列表。</p>
	 * <ol>[功能概要] 
	 * <div>信息检索。</div>
	 * <div>列表 省。</div>
	 * </ol>
	 * @return 处理结果
	 */
	public List<AreaBean> findDataIsListA(Map<String,String> map);
 -->
 <select id="findDataIsListA" parameterType="HashMap" resultType="areaBean">
 	select province_id as id,province_name as name from tc_adi_province 
 	order by sort_num asc
 </select>
 <!-- 
	/**
	 * <p>信息列表。</p>
	 * <ol>[功能概要] 
	 * <div>信息检索。</div>
	 * <div>列表 市。</div>
	 * </ol>
	 * @return 处理结果
	 */
	public List<AreaBean> findDataIsListB(Map<String,String> map);
 -->
 <select id="findDataIsListB" parameterType="HashMap" resultType="areaBean">
 	select city_id as id,city_name as name from tc_adi_city
 	where city_id like concat(#{id},'%') 
 	order by sort_num asc
 </select>
 <!-- 
	/**
	 * <p>信息列表。</p>
	 * <ol>[功能概要] 
	 * <div>信息检索。</div>
	 * <div>列表 县。</div>
	 * </ol>
	 * @return 处理结果
	 */
	public List<AreaBean> findDataIsListC(Map<String,String> map);
 -->
 <select id="findDataIsListC" parameterType="HashMap" resultType="areaBean">
 	select county_id as id,county_name as name from tc_adi_county
 	where county_id like concat(#{id},'%') 
 	order by sort_num asc
 </select>
 <!-- 
	/**
	 * <p>信息列表。</p>
	 * <ol>[功能概要] 
	 * <div>信息检索。</div>
	 * <div>列表 镇。</div>
	 * </ol>
	 * @return 处理结果
	 */
	public List<AreaBean> findDataIsListD(Map<String,String> map);
 -->
  <select id="findDataIsListD" parameterType="HashMap" resultType="areaBean">
 	select town_id as id,town_name as name from tc_adi_town
 	where town_id like concat(#{id},'%') 
 	order by sort_num asc
 </select>
 <!-- 
	/**
	 * <p>信息列表。</p>
	 * <ol>[功能概要] 
	 * <div>信息检索。</div>
	 * <div>列表村。</div>
	 * </ol>
	 * @return 处理结果
	 */
	public List<AreaBean> findDataIsListE(Map<String,String> map);
 -->
 <select id="findDataIsListE" parameterType="HashMap" resultType="areaBean">
 	select village_id as id,town_name as name from tc_adi_village
 	where village_id like concat(#{id},'%') 
 	order by sort_num asc
 </select>
</mapper>