<?xml version="1.0" encoding="UTF-8"?>
<!DOCTYPE struts PUBLIC
    "-//Apache Software Foundation//DTD Struts Configuration 2.1.7//EN"
    "http://struts.apache.org/dtds/struts-2.1.7.dtd">
<struts>
    <package name="sys_info" namespace="/h" extends="wechat-default" >
    	<default-interceptor-ref name="wechat-auth" /> 
		<!-- 资讯管理 -->
		<action name="s001_*" class="s001Action" method="{1}">
			<result name="init">/WEB-INF/pages/admin/sys/S001.jsp</result>
			<result name="edit">/WEB-INF/pages/admin/sys/S001_01.jsp</result>
			<result name="view">/WEB-INF/pages/admin/sys/S001_02.jsp</result>
			<result name="recycle">/WEB-INF/pages/admin/sys/S001_03.jsp</result>
			<result name="success" type="chain">s001_init</result>
		</action>
		<!-- 栏目管理 -->
		<action name="s002_*" class="s002Action" method="{1}">
			<result name="init">/WEB-INF/pages/admin/sys/S002.jsp</result>
			<result name="edit">/WEB-INF/pages/admin/sys/S002_01.jsp</result>
			<result name="success" type="chain">s002_init</result>
		</action>
		<!-- 友情链接 管理 -->
		<action name="s003_*" class="s003Action" method="{1}">
			<result name="init">/WEB-INF/pages/admin/sys/S003.jsp</result>
			<result name="edit">/WEB-INF/pages/admin/sys/S003_01.jsp</result>
			<result name="view">/WEB-INF/pages/admin/sys/S003_02.jsp</result>
			<result name="recycle">/WEB-INF/pages/admin/sys/S003_03.jsp</result>
			<result name="success" type="chain">s003_init</result>
		</action>
	</package>
</struts>