<?xml version="1.0" encoding="UTF-8"?>
<!DOCTYPE struts PUBLIC
    "-//Apache Software Foundation//DTD Struts Configuration 2.1.7//EN"
    "http://struts.apache.org/dtds/struts-2.1.7.dtd">
<struts>
    <package name="student_info" namespace="/h" extends="wechat-default" >
    	<default-interceptor-ref name="wechat-auth" /> 
		<!-- 学员管理 -->
		<action name="s201_*" class="s201Action" method="{1}">
			<result name="init">/WEB-INF/pages/admin/student/S201.jsp</result>
			<result name="edit">/WEB-INF/pages/admin/student/S201_01.jsp</result>
			<result name="view">/WEB-INF/pages/admin/student/S201_02.jsp</result>
			<result name="recycle">/WEB-INF/pages/admin/student/S201_03.jsp</result>
			<result name="success" type="chain">s201_init</result>
		</action>
	</package>
</struts>