<?xml version="1.0" encoding="UTF-8" ?>
<!DOCTYPE mapper PUBLIC "-//mybatis.org//DTD Mapper 3.0//EN" "http://mybatis.org/dtd/mybatis-3-mapper.dtd" >
<mapper namespace="cn.com.softvan.dao.daointer.wechat.ITcWxMenuDao">
	<sql id="Base_Column_List">
		id, menu_key, menu_type, menu_name, menu_url, note, parent_id, sort_num,
		date_created,
		create_id, create_ip, last_updated, update_id, update_ip, version, del_flag
	</sql>
	<select id="selectByPrimaryKey" resultType="tcWxMenuBean" 
		parameterType="tcWxMenu">
		select
		<include refid="Base_Column_List" />
		from tc_wx_menu
		where id = #{id,jdbcType=VARCHAR}
	</select>
	<delete id="deleteByPrimaryKey" parameterType="tcWxMenu">
		delete from tc_wx_menu
		where id = #{id,jdbcType=VARCHAR}
	</delete>
	<delete id="deleteAllByInfoSource" parameterType="tcWxMenu">
		delete from tc_wx_menu
		where info_source = #{info_source,jdbcType=VARCHAR}
	</delete>
	<insert id="insert" parameterType="tcWxMenu">
		insert into tc_wx_menu (id, menu_key, menu_type,
		menu_name, menu_url, note,
		parent_id, sort_num, date_created,
		create_id, create_ip, last_updated,
		update_id, update_ip, version,
		del_flag,info_source)
		values (#{id,jdbcType=VARCHAR}, #{menu_key,jdbcType=VARCHAR},
		#{menu_type,jdbcType=VARCHAR},
		#{menu_name,jdbcType=VARCHAR}, #{menu_url,jdbcType=VARCHAR}, #{note,jdbcType=VARCHAR},
		#{parent_id,jdbcType=VARCHAR}, #{sort_num,jdbcType=INTEGER}, now(),
		#{create_id,jdbcType=VARCHAR}, #{create_ip,jdbcType=VARCHAR}, now(),
		#{update_id,jdbcType=VARCHAR}, #{update_ip,jdbcType=VARCHAR},0,
		'0',#{info_source})
	</insert>
	<insert id="insertSelective" parameterType="tcWxMenu">
		insert into tc_wx_menu
		<trim prefix="(" suffix=")" suffixOverrides=",">
			<if test="id != null">
				id,
			</if>
			<if test="menu_key != null">
				menu_key,
			</if>
			<if test="menu_type != null">
				menu_type,
			</if>
			<if test="menu_name != null">
				menu_name,
			</if>
			<if test="menu_url != null">
				menu_url,
			</if>
			<if test="note != null">
				note,
			</if>
			<if test="parent_id != null">
				parent_id,
			</if>
			<if test="sort_num != null">
				sort_num,
			</if>
				date_created,
				create_id,
				create_ip,
				last_updated,
			<if test="update_id != null">
				update_id,
			</if>
			<if test="update_ip != null">
				update_ip,
			</if>
				version,
				del_flag,
			<if test="info_source!=null">
				info_source
			</if>
		</trim>
		<trim prefix="values (" suffix=")" suffixOverrides=",">
			<if test="id != null">
				#{id,jdbcType=VARCHAR},
			</if>
			<if test="menu_key != null">
				#{menu_key,jdbcType=VARCHAR},
			</if>
			<if test="menu_type != null">
				#{menu_type,jdbcType=VARCHAR},
			</if>
			<if test="menu_name != null">
				#{menu_name,jdbcType=VARCHAR},
			</if>
			<if test="menu_url != null">
				#{menu_url,jdbcType=VARCHAR},
			</if>
			<if test="note != null">
				#{note,jdbcType=VARCHAR},
			</if>
			<if test="parent_id != null">
				#{parent_id,jdbcType=VARCHAR},
			</if>
			<if test="sort_num != null">
				#{sort_num,jdbcType=INTEGER},
			</if>
				now(),
				#{create_id,jdbcType=VARCHAR},
				#{create_ip,jdbcType=VARCHAR},
				now(),
			<if test="update_id != null">
				#{update_id,jdbcType=VARCHAR},
			</if>
			<if test="update_ip != null">
				#{update_ip,jdbcType=VARCHAR},
			</if>
				 0,
				'0',
			<if test="info_source!=null">
				#{info_source}
			</if>
		</trim>
	</insert>
	<update id="updateByPrimaryKeySelective" parameterType="tcWxMenu">
		update tc_wx_menu set version = version+1
			<if test="menu_key != null">
				,menu_key = #{menu_key,jdbcType=VARCHAR}
			</if>
			<if test="menu_type != null">
				,menu_type = #{menu_type,jdbcType=VARCHAR}
			</if>
			<if test="menu_name != null">
				,menu_name = #{menu_name,jdbcType=VARCHAR}
			</if>
			<if test="menu_url != null">
				,menu_url = #{menu_url,jdbcType=VARCHAR}
			</if>
			<if test="note != null">
				,note = #{note,jdbcType=VARCHAR}
			</if>
			<if test="parent_id != null">
				,parent_id = #{parent_id,jdbcType=VARCHAR}
			</if>
			<if test="sort_num != null">
				,sort_num = #{sort_num,jdbcType=INTEGER}
			</if>
			<if test="last_updated != null">
				,last_updated = #{last_updated,jdbcType=TIMESTAMP}
			</if>
			<if test="update_id != null">
				,update_id = #{update_id,jdbcType=VARCHAR}
			</if>
			<if test="update_ip != null">
				,update_ip = #{update_ip,jdbcType=VARCHAR}
			</if>
			<if test="del_flag != null">
				,del_flag = #{del_flag,jdbcType=CHAR}
			</if>
		where id = #{id,jdbcType=VARCHAR}
	</update>
	<!--查询信息列表 -->
	<select id="findDataIsList" resultType="tcWxMenuBean" parameterType="tcWxMenu">
		select
		id,
		menu_key,
		menu_type,
		menu_name,
		menu_url,
		note,
		parent_id,
		sort_num
		from tc_wx_menu
		where 1=1 
		<choose>
			<when test="parent_id!=null and parent_id!=''">
				and parent_id=#{parent_id}
			</when>
			<otherwise>
				and (parent_id is null or parent_id='')
			</otherwise>
		</choose>
		<if test="info_source!=null">
			and info_source=#{info_source}
		</if>
		order by sort_num asc
	</select>
	<!-- 判断信息是否存在 -->
	<select id="isDataYN" resultType="int" parameterType="tcWxMenu">
		select count(0) from tc_wx_menu where id=#{id}
	</select>
	<!-- 获取菜单数量 -->
	<select id="getDataCount" resultType="int" parameterType="tcWxMenu">
		select
		count(0)
		from tc_wx_menu
		where 1=1 
		<choose>
			<when test="parent_id!=null and parent_id!=''">
				and parent_id=#{parent_id}
			</when>
			<otherwise>
				and (parent_id is null or parent_id='')
			</otherwise>
		</choose>
		<if test="info_source!=null">
			and info_source=#{info_source}
		</if>
	</select>
</mapper>