<?xml version="1.0" encoding="UTF-8" ?>
<!DOCTYPE mapper PUBLIC "-//mybatis.org//DTD Mapper 3.0//EN" "http://mybatis.org/dtd/mybatis-3-mapper.dtd" >
<mapper namespace="cn.com.softvan.dao.daointer.wechat.ITcWxPublicUserDao">
	<resultMap id="BaseResultMap" type="tcWxPublicUserBean">
		<id column="id" property="id" jdbcType="VARCHAR" />
		<result column="name" property="name" jdbcType="VARCHAR" />
		<result column="openid" property="openid" jdbcType="VARCHAR" />
		<result column="userid" property="userid" jdbcType="VARCHAR" />
		<result column="province" property="province" jdbcType="VARCHAR" />
		<result column="city" property="city" jdbcType="VARCHAR" />
		<result column="email" property="email" jdbcType="VARCHAR" />
		<result column="type" property="type" jdbcType="VARCHAR" />
		<result column="date_created" property="date_created" jdbcType="TIMESTAMP" />
		<result column="create_id" property="create_id" jdbcType="VARCHAR" />
		<result column="create_ip" property="create_ip" jdbcType="VARCHAR" />
		<result column="last_updated" property="last_updated" jdbcType="TIMESTAMP" />
		<result column="update_id" property="update_id" jdbcType="VARCHAR" />
		<result column="update_ip" property="update_ip" jdbcType="VARCHAR" />
		<result column="version" property="version" jdbcType="INTEGER" />
		<result column="del_flag" property="del_flag" jdbcType="CHAR" />
		<result column="password" property="password" jdbcType="VARCHAR" />
		<result column="appid" property="appid" jdbcType="VARCHAR" />
		<result column="appsecret" property="appsecret" jdbcType="VARCHAR" />
	</resultMap>
	<sql id="Base_Column_List">
		id, name, openid, userid, province, city, email, type,
		date_created,
		create_id, create_ip,
		last_updated, update_id, update_ip,
		version, del_flag, password, appid, appsecret
	</sql>
	<select id="selectByPrimaryKey" resultMap="BaseResultMap"
		parameterType="java.lang.String">
		select
		<include refid="Base_Column_List" />
		from tc_wx_public_user
		where 1=1 
		<if test="create_id!=null">
		and create_id = #{create_id,jdbcType=VARCHAR}
		</if>
		 limit 0,1
	</select>
	<delete id="deleteByPrimaryKey" parameterType="java.lang.String">
		delete from
		tc_wx_public_user
		where id = #{id,jdbcType=VARCHAR}
	</delete>
	<insert id="insert" parameterType="tcWxPublicUser">
		insert into tc_wx_public_user
		(id, name, openid,
		userid, province, city,
		email, type, date_created,
		create_id, create_ip, version,
		del_flag,password, appid, appsecret)
		values (#{id,jdbcType=VARCHAR},
		#{name,jdbcType=VARCHAR},
		#{openid,jdbcType=VARCHAR},
		#{userid,jdbcType=VARCHAR}, #{province,jdbcType=VARCHAR},
		#{city,jdbcType=VARCHAR},
		#{email,jdbcType=VARCHAR},
		#{type,jdbcType=VARCHAR},
		now(),
		#{create_id,jdbcType=VARCHAR}, #{create_ip,jdbcType=VARCHAR},
		0,
		'0', #{password,jdbcType=VARCHAR},
		#{appid,jdbcType=VARCHAR},
		#{appsecret,jdbcType=VARCHAR})
	</insert>
	<insert id="insertSelective" parameterType="tcWxPublicUser">
		insert into tc_wx_public_user
		<trim prefix="(" suffix=")" suffixOverrides=",">
				id,
			<if test="name != null">
				name,
			</if>
			<if test="openid != null">
				openid,
			</if>
			<if test="userid != null">
				userid,
			</if>
			<if test="province != null">
				province,
			</if>
			<if test="city != null">
				city,
			</if>
			<if test="email != null">
				email,
			</if>
			<if test="type != null">
				type,
			</if>
				date_created,
			<if test="create_id != null">
				create_id,
			</if>
			<if test="create_ip != null">
				create_ip,
			</if>
				version,
				del_flag,
			<if test="password != null">
				password,
			</if>
			<if test="appid != null">
				appid,
			</if>
			<if test="appsecret != null">
				appsecret
			</if>
		</trim>
		<trim prefix="values (" suffix=")" suffixOverrides=",">
				#{id,jdbcType=VARCHAR},
			<if test="name != null">
				#{name,jdbcType=VARCHAR},
			</if>
			<if test="openid != null">
				#{openid,jdbcType=VARCHAR},
			</if>
			<if test="userid != null">
				#{userid,jdbcType=VARCHAR},
			</if>
			<if test="province != null">
				#{province,jdbcType=VARCHAR},
			</if>
			<if test="city != null">
				#{city,jdbcType=VARCHAR},
			</if>
			<if test="email != null">
				#{email,jdbcType=VARCHAR},
			</if>
			<if test="type != null">
				#{type,jdbcType=VARCHAR},
			</if>
			now(),
			<if test="create_id != null">
				#{create_id,jdbcType=VARCHAR},
			</if>
			<if test="create_ip != null">
				#{create_ip,jdbcType=VARCHAR},
			</if>
			0,
			'0',
			<if test="password != null">
				#{password,jdbcType=VARCHAR},
			</if>
			<if test="appid != null">
				#{appid,jdbcType=VARCHAR},
			</if>
			<if test="appsecret != null">
				#{appsecret,jdbcType=VARCHAR}
			</if>
		</trim>
	</insert>
	<update id="updateByPrimaryKeySelective" parameterType="tcWxPublicUser">
		update tc_wx_public_user
		set version=version+1
		,last_updated = now()
		,update_id = #{update_id,jdbcType=VARCHAR}
		,update_ip = #{update_ip,jdbcType=VARCHAR}
		<if test="name != null">
			,name = #{name,jdbcType=VARCHAR}
		</if>
		<if test="openid != null">
			,openid = #{openid,jdbcType=VARCHAR}
		</if>
		<if test="userid != null">
			,userid = #{userid,jdbcType=VARCHAR}
		</if>
		<if test="province != null">
			,province = #{province,jdbcType=VARCHAR}
		</if>
		<if test="city != null">
			, city = #{city,jdbcType=VARCHAR}
		</if>
		<if test="email != null">
			, email = #{email,jdbcType=VARCHAR}
		</if>
		<if test="type != null">
			, type = #{type,jdbcType=VARCHAR}
		</if>
		<if test="del_flag != null">
			,del_flag = #{del_flag,jdbcType=CHAR}
		</if>
		<if test="password != null">
			, password = #{password,jdbcType=VARCHAR}
		</if>
		<if test="appid != null">
			, appid = #{appid,jdbcType=VARCHAR}
		</if>
		<if test="appsecret != null">
			, appsecret = #{appsecret,jdbcType=VARCHAR}
		</if>
		where create_id = #{create_id,jdbcType=VARCHAR}
	</update>
	<!-- 
     * 判断信息是否存在
    int isDataYN(IEntity dto) throws Exception; -->
    <select id="isDataYN" parameterType="tcWxPublicUser" resultType="int">
    	select count(0) from tc_wx_public_user where create_id=#{create_id}
    </select>
    <!-- 
     * 查询信息列表
    List<TcWxPublicUserBean> findDataIsList(IEntity dto) throws Exception;
    -->
     <select id="findDataIsList" parameterType="tcWxPublicUser" resultType="int">
    	select
		<include refid="Base_Column_List" />
		from tc_wx_public_user
		where 1=1
    </select>
</mapper>