<?xml version="1.0" encoding="UTF-8" ?>
<!DOCTYPE mapper PUBLIC "-//mybatis.org//DTD Mapper 3.0//EN" "http://mybatis.org/dtd/mybatis-3-mapper.dtd" >
<mapper namespace="cn.com.softvan.dao.daointer.ITcFileDao" >
  <resultMap id="BaseResultMap" type="cn.com.softvan.dao.entity.TcFile" >
    <!--
      WARNING - @mbggenerated
      This element is automatically generated by MyBatis Generator, do not modify.
      This element was generated on Tue Feb 25 17:17:41 CST 2014.
    -->
    <id column="file_id" property="fileId" jdbcType="VARCHAR" />
    <result column="file_type" property="fileType" jdbcType="VARCHAR" />
    <result column="file_size" property="fileSize" jdbcType="INTEGER" />
    <result column="file_name" property="fileName" jdbcType="VARCHAR" />
    <result column="file_url" property="fileUrl" jdbcType="VARCHAR" />
    <result column="extension" property="extension" jdbcType="VARCHAR" />
    <result column="file_note" property="fileNote" jdbcType="VARCHAR" />
    <result column="date_created" property="date_created" jdbcType="TIMESTAMP" />
    <result column="create_ip" property="create_ip" jdbcType="VARCHAR" />
    <result column="create_id" property="create_id" jdbcType="VARCHAR" />
    <result column="keyword" property="keyword" jdbcType="VARCHAR" />
    <result column="version" property="version" jdbcType="INTEGER" />
    <result column="invalid_time" property="invalid_time" jdbcType="BIGINT" />
    <result column="del_flag" property="del_flag" jdbcType="CHAR" />
  </resultMap>
  <sql id="Base_Column_List" >
    <!--
      WARNING - @mbggenerated
      This element is automatically generated by MyBatis Generator, do not modify.
      This element was generated on Tue Feb 25 17:17:41 CST 2014.
    -->
    file_id, file_type, file_size, file_name, file_url, extension, file_note, date_created, 
    create_ip, create_id, keyword, version, invalid_time, del_flag
  </sql>
  <select id="selectByPrimaryKey" resultMap="BaseResultMap" parameterType="java.lang.String" >
    <!--
      WARNING - @mbggenerated
      This element is automatically generated by MyBatis Generator, do not modify.
      This element was generated on Tue Feb 25 17:17:41 CST 2014.
    -->
    select 
    <include refid="Base_Column_List" />
    from tc_file
    where file_id = #{fileId,jdbcType=VARCHAR}
   </select>
  
  <!-- 通过主键(报案...)查询 -->
  <select id="selectByLinkId" resultMap="BaseResultMap" parameterType="java.lang.String">
  	select
  	 fi.file_id, fi.file_type, fi.file_size, fi.file_name, fi.file_url, fi.extension, fi.file_note, fi.date_created, 
    fi.create_ip, fi.create_id, fi.keyword, fi.version, fi.invalid_time, fi.del_flag
  	from tc_file fi inner join tc_file_link link
  	on fi.file_id = link.file_id
  	where link.link_id = #{linkId}
  </select>
  
  <delete id="deleteByPrimaryKey" parameterType="java.lang.String" >
    <!--
      WARNING - @mbggenerated
      This element is automatically generated by MyBatis Generator, do not modify.
      This element was generated on Tue Feb 25 17:17:41 CST 2014.
    -->
    delete from tc_file
    where file_id = #{fileId,jdbcType=VARCHAR}
  </delete>
  <insert id="insert" parameterType="cn.com.softvan.dao.entity.TcFile" >
    <!--
      WARNING - @mbggenerated
      This element is automatically generated by MyBatis Generator, do not modify.
      This element was generated on Tue Feb 25 17:17:41 CST 2014.
    -->
    insert into tc_file (file_id, file_type, file_size, 
      file_name, file_url, extension, 
      file_note, date_created, create_ip, 
      create_id, keyword, version, 
      invalid_time, del_flag)
    values (#{fileId,jdbcType=VARCHAR}, #{fileType,jdbcType=VARCHAR}, #{fileSize,jdbcType=INTEGER}, 
      #{fileName,jdbcType=VARCHAR}, #{fileUrl,jdbcType=VARCHAR}, #{extension,jdbcType=VARCHAR}, 
      #{fileNote,jdbcType=VARCHAR}, #{date_created,jdbcType=TIMESTAMP}, #{create_ip,jdbcType=VARCHAR}, 
      #{create_id,jdbcType=VARCHAR}, #{keyword,jdbcType=VARCHAR}, #{version,jdbcType=INTEGER}, 
      #{invalid_time,jdbcType=BIGINT}, #{del_flag,jdbcType=CHAR})
  </insert>
  <insert id="insertSelective" parameterType="cn.com.softvan.dao.entity.TcFile" >
    <!--
      WARNING - @mbggenerated
      This element is automatically generated by MyBatis Generator, do not modify.
      This element was generated on Tue Feb 25 17:17:41 CST 2014.
    -->
    insert into tc_file
    <trim prefix="(" suffix=")" suffixOverrides="," >
      <if test="fileId != null" >
        file_id,
      </if>
      <if test="fileType != null" >
        file_type,
      </if>
      <if test="fileSize != null" >
        file_size,
      </if>
      <if test="fileName != null" >
        file_name,
      </if>
      <if test="fileUrl != null" >
        file_url,
      </if>
      <if test="extension != null" >
        extension,
      </if>
      <if test="fileNote != null" >
        file_note,
      </if>
      <if test="date_created != null" >
        date_created,
      </if>
      <if test="create_ip != null" >
        create_ip,
      </if>
      <if test="create_id != null" >
        create_id,
      </if>
      <if test="keyword != null" >
        keyword,
      </if>
      <if test="version != null" >
        version,
      </if>
      <if test="invalid_time != null" >
        invalid_time,
      </if>
      <if test="del_flag != null" >
        del_flag,
      </if>
    </trim>
    <trim prefix="values (" suffix=")" suffixOverrides="," >
      <if test="fileId != null" >
        #{fileId,jdbcType=VARCHAR},
      </if>
      <if test="fileType != null" >
        #{fileType,jdbcType=VARCHAR},
      </if>
      <if test="fileSize != null" >
        #{fileSize,jdbcType=INTEGER},
      </if>
      <if test="fileName != null" >
        #{fileName,jdbcType=VARCHAR},
      </if>
      <if test="fileUrl != null" >
        #{fileUrl,jdbcType=VARCHAR},
      </if>
      <if test="extension != null" >
        #{extension,jdbcType=VARCHAR},
      </if>
      <if test="fileNote != null" >
        #{fileNote,jdbcType=VARCHAR},
      </if>
      <if test="date_created != null" >
        #{date_created,jdbcType=TIMESTAMP},
      </if>
      <if test="create_ip != null" >
        #{create_ip,jdbcType=VARCHAR},
      </if>
      <if test="create_id != null" >
        #{create_id,jdbcType=VARCHAR},
      </if>
      <if test="keyword != null" >
        #{keyword,jdbcType=VARCHAR},
      </if>
      <if test="version != null" >
        #{version,jdbcType=INTEGER},
      </if>
      <if test="invalid_time != null" >
        #{invalid_time,jdbcType=BIGINT},
      </if>
      <if test="del_flag != null" >
        #{del_flag,jdbcType=CHAR},
      </if>
    </trim>
  </insert>
  <update id="updateByPrimaryKeySelective" parameterType="cn.com.softvan.dao.entity.TcFile" >
    <!--
      WARNING - @mbggenerated
      This element is automatically generated by MyBatis Generator, do not modify.
      This element was generated on Tue Feb 25 17:17:41 CST 2014.
    -->
    update tc_file
    <set >
      <if test="fileType != null" >
        file_type = #{fileType,jdbcType=VARCHAR},
      </if>
      <if test="fileSize != null" >
        file_size = #{fileSize,jdbcType=INTEGER},
      </if>
      <if test="fileName != null" >
        file_name = #{fileName,jdbcType=VARCHAR},
      </if>
      <if test="fileUrl != null" >
        file_url = #{fileUrl,jdbcType=VARCHAR},
      </if>
      <if test="extension != null" >
        extension = #{extension,jdbcType=VARCHAR},
      </if>
      <if test="fileNote != null" >
        file_note = #{fileNote,jdbcType=VARCHAR},
      </if>
      <if test="date_created != null" >
        date_created = #{date_created,jdbcType=TIMESTAMP},
      </if>
      <if test="create_ip != null" >
        create_ip = #{create_ip,jdbcType=VARCHAR},
      </if>
      <if test="create_id != null" >
        create_id = #{create_id,jdbcType=VARCHAR},
      </if>
      <if test="keyword != null" >
        keyword = #{keyword,jdbcType=VARCHAR},
      </if>
      <if test="version != null" >
        version = #{version,jdbcType=INTEGER},
      </if>
      <if test="invalid_time != null" >
        invalid_time = #{invalid_time,jdbcType=BIGINT},
      </if>
      <if test="del_flag != null" >
        del_flag = #{del_flag,jdbcType=CHAR},
      </if>
    </set>
    where file_id = #{fileId,jdbcType=VARCHAR}
  </update>
  <update id="updateByPrimaryKey" parameterType="cn.com.softvan.dao.entity.TcFile" >
    <!--
      WARNING - @mbggenerated
      This element is automatically generated by MyBatis Generator, do not modify.
      This element was generated on Tue Feb 25 17:17:41 CST 2014.
    -->
    update tc_file
    set file_type = #{fileType,jdbcType=VARCHAR},
      file_size = #{fileSize,jdbcType=INTEGER},
      file_name = #{fileName,jdbcType=VARCHAR},
      file_url = #{fileUrl,jdbcType=VARCHAR},
      extension = #{extension,jdbcType=VARCHAR},
      file_note = #{fileNote,jdbcType=VARCHAR},
      date_created = #{date_created,jdbcType=TIMESTAMP},
      create_ip = #{create_ip,jdbcType=VARCHAR},
      create_id = #{create_id,jdbcType=VARCHAR},
      keyword = #{keyword,jdbcType=VARCHAR},
      version = #{version,jdbcType=INTEGER},
      invalid_time = #{invalid_time,jdbcType=BIGINT},
      del_flag = #{del_flag,jdbcType=CHAR}
    where file_id = #{fileId,jdbcType=VARCHAR}
  </update>
</mapper>