<?xml version="1.0" encoding="UTF-8" ?>
<!DOCTYPE mapper PUBLIC "-//mybatis.org//DTD Mapper 3.0//EN" "http://mybatis.org/dtd/mybatis-3-mapper.dtd" >
<mapper namespace="cn.com.softvan.dao.daointer.ITcFileLinkDao" >
  <resultMap id="BaseResultMap" type="cn.com.softvan.dao.entity.TcFileLink" >
    <!--
      WARNING - @mbggenerated
      This element is automatically generated by MyBatis Generator, do not modify.
      This element was generated on Tue Feb 25 17:17:41 CST 2014.
    -->
    <id column="link_id" property="link_id" jdbcType="VARCHAR" />
    <id column="file_id" property="file_id" jdbcType="VARCHAR" />
    <result column="table_name" property="table_name" jdbcType="VARCHAR" />
    <result column="table_column" property="table_column" jdbcType="VARCHAR" />
    <result column="orders" property="orders" jdbcType="INTEGER" />
    <result column="version" property="version" jdbcType="INTEGER" />
    <result column="del_flag" property="del_flag" jdbcType="CHAR" />
  </resultMap>
  <sql id="Base_Column_List" >
    <!--
      WARNING - @mbggenerated
      This element is automatically generated by MyBatis Generator, do not modify.
      This element was generated on Tue Feb 25 17:17:41 CST 2014.
    -->
    link_id, file_id, table_name, table_column, orders, version, del_flag
  </sql>
  <select id="selectByPrimaryKey" resultMap="BaseResultMap" parameterType="cn.com.softvan.dao.entity.TcFileLink" >
    <!--
      WARNING - @mbggenerated
      This element is automatically generated by MyBatis Generator, do not modify.
      This element was generated on Tue Feb 25 17:17:41 CST 2014.
    -->
    select 
    <include refid="Base_Column_List" />
    from tc_file_link
    where 1=1 
    
      <if test="link_id != null" >
        and link_id = #{link_id,jdbcType=VARCHAR}
      </if>
      </select>
  <delete id="deleteByPrimaryKey" parameterType="cn.com.softvan.dao.entity.TcFileLink">
  
    delete from tc_file_link
    where link_id = #{link_id}
      
  </delete>
  <insert id="insert" parameterType="cn.com.softvan.dao.entity.TcFileLink" >
    <!--
      WARNING - @mbggenerated
      This element is automatically generated by MyBatis Generator, do not modify.
      This element was generated on Tue Feb 25 17:17:41 CST 2014.
    -->
    insert into tc_file_link (link_id, file_id, table_name, 
      table_column, orders, version, 
      del_flag)
    values (#{link_id,jdbcType=VARCHAR}, #{file_id,jdbcType=VARCHAR}, #{table_name,jdbcType=VARCHAR}, 
      #{table_column,jdbcType=VARCHAR}, #{orders,jdbcType=INTEGER}, #{version,jdbcType=INTEGER}, 
      #{del_flag,jdbcType=CHAR})
  </insert>
  <insert id="insertSelective" parameterType="cn.com.softvan.dao.entity.TcFileLink" >
    <!--
      WARNING - @mbggenerated
      This element is automatically generated by MyBatis Generator, do not modify.
      This element was generated on Tue Feb 25 17:17:41 CST 2014.
    -->
    insert into tc_file_link
    <trim prefix="(" suffix=")" suffixOverrides="," >
      <if test="link_id != null" >
        link_id,
      </if>
      <if test="file_id != null" >
        file_id,
      </if>
      <if test="table_name != null" >
        table_name,
      </if>
      <if test="table_column != null" >
        table_column,
      </if>
      <if test="orders != null" >
        orders,
      </if>
      <if test="version != null" >
        version,
      </if>
      <if test="del_flag != null" >
        del_flag,
      </if>
    </trim>
    <trim prefix="values (" suffix=")" suffixOverrides="," >
      <if test="link_id != null" >
        #{link_id,jdbcType=VARCHAR},
      </if>
      <if test="file_id != null" >
        #{file_id,jdbcType=VARCHAR},
      </if>
      <if test="table_name != null" >
        #{table_name,jdbcType=VARCHAR},
      </if>
      <if test="table_column != null" >
        #{table_column,jdbcType=VARCHAR},
      </if>
      <if test="orders != null" >
        #{orders,jdbcType=INTEGER},
      </if>
      <if test="version != null" >
        #{version,jdbcType=INTEGER},
      </if>
      <if test="del_flag != null" >
        #{del_flag,jdbcType=CHAR},
      </if>
    </trim>
  </insert>
  <update id="updateByPrimaryKeySelective" parameterType="cn.com.softvan.dao.entity.TcFileLink" >
    <!--
      WARNING - @mbggenerated
      This element is automatically generated by MyBatis Generator, do not modify.
      This element was generated on Tue Feb 25 17:17:41 CST 2014.
    -->
    update tc_file_link
    <set >
      <if test="table_name != null" >
        table_name = #{table_name,jdbcType=VARCHAR},
      </if>
      <if test="table_column != null" >
        table_column = #{table_column,jdbcType=VARCHAR},
      </if>
      <if test="orders != null" >
        orders = #{orders,jdbcType=INTEGER},
      </if>
      <if test="version != null" >
        version = #{version,jdbcType=INTEGER},
      </if>
      <if test="del_flag != null" >
        del_flag = #{del_flag,jdbcType=CHAR},
      </if>
    </set>
    where link_id = #{link_id,jdbcType=VARCHAR}
      and file_id = #{file_id,jdbcType=VARCHAR}
  </update>
  <update id="updateByPrimaryKey" parameterType="cn.com.softvan.dao.entity.TcFileLink" >
    <!--
      WARNING - @mbggenerated
      This element is automatically generated by MyBatis Generator, do not modify.
      This element was generated on Tue Feb 25 17:17:41 CST 2014.
    -->
    update tc_file_link
    set table_name = #{table_name,jdbcType=VARCHAR},
      table_column = #{table_column,jdbcType=VARCHAR},
      orders = #{orders,jdbcType=INTEGER},
      version = #{version,jdbcType=INTEGER},
      del_flag = #{del_flag,jdbcType=CHAR}
    where link_id = #{link_id,jdbcType=VARCHAR}
      and file_id = #{file_id,jdbcType=VARCHAR}
  </update>
</mapper>