<?xml version="1.0" encoding="UTF-8" ?>
<!DOCTYPE mapper PUBLIC "-//mybatis.org//DTD Mapper 3.0//EN" "http://mybatis.org/dtd/mybatis-3-mapper.dtd" >
<mapper namespace="cn.com.softvan.dao.daointer.member.ITcMemberVsStudentDao" >
  <delete id="deleteByPrimaryKey" parameterType="tcMemberVsStudent" >
    delete from tc_member_vs_student
    where user_id = #{user_id}
  </delete>
  <insert id="insert" parameterType="tcMemberVsStudent" >
    insert into tc_member_vs_student (
	    student_id,
		user_id,
		date_created,
		create_id,
		create_ip
      ) values (
	    #{student_id},
		#{user_id},
		now(),
		#{create_id},
		#{create_ip}
    )
  </insert>
 	 <!-- <当前会员关联的学员列表
	public List<TcStudentBean> findDataIsListStudent(TcMemberBean bean);
	-->
	<select id="findDataIsListStudent" resultType="tcStudentBean" parameterType="tcMemberVsStudent" >
		select
			t2.id,
			t2.name,
			t2.age,
			t2.sex,
			t2.hobby,
			t2.pic_url,
			t2.birthdate
		from tc_member_vs_student t1
		left join tc_student t2 on (t2.id=t1.student_id)
	    where t1.user_id=#{user_id}
	    <choose>
	    	<when test="del_flag!=null">
	    		and t2.del_flag=#{del_flag}
	    	</when>
	    	<otherwise>
	    	    and t2.del_flag='0'
	    	</otherwise>
	    </choose>
	    <if test="limit_s!=null and limit_e!=null">
	     limit #{limit_s},#{limit_e}
	    </if>
   </select>
	 <!--当前学员关联的会员列表
	public List<TcMemberBean> findDataIsListMember(TcStudentBean bean);
	 -->
	 <select id="findDataIsListMember" resultType="tcMemberBean" parameterType="tcMemberVsStudent" >
		select
			t2.id,
			t2.user_name,
			t2.user_type,
			t2.nickname,
			t2.login_count,
			t2.last_login,
			t2.bind_mobile,
			t2.bind_email,
			t2.sex,
			t2.tel,
			t2.real_name,
			t2.is_enabled,
			t2.last_login_ip,
			t2.pic_url,
			t2.last_updated
		from tc_member_vs_student t1
		left join tc_member t2 on (t2.id=t2.user_id)
	    where t1.student_id=#{student_id}
	    <choose>
	    	<when test="del_flag!=null">
	    		and t2.del_flag=#{del_flag}
	    	</when>
	    	<otherwise>
	    	    and t2.del_flag='0'
	    	</otherwise>
	    </choose>
	    <if test="limit_s!=null and limit_e!=null">
	     limit #{limit_s},#{limit_e}
	    </if>
   </select>
</mapper>