<?xml version="1.0" encoding="UTF-8" ?>
<!DOCTYPE mapper PUBLIC "-//mybatis.org//DTD Mapper 3.0//EN" "http://mybatis.org/dtd/mybatis-3-mapper.dtd" >
<mapper namespace="cn.com.softvan.dao.daointer.student.ITcStudentDao" >
  <sql id="Base_Column_List" >
	id,
	name,
	age,
	sex,
	hobby,
	detail_info,
	note,
	date_created,
	create_id,
	create_ip,
	last_updated,
	update_id,
	update_ip,
	del_flag,
	version,
	pic_url,
	birthdate
  </sql>
  <select id="selectByPrimaryKey" resultType="tcStudentBean" parameterType="tcStudent" >
    select 
    <include refid="Base_Column_List" />
    from tc_student
    where id = #{id}
  </select>
  <delete id="deleteByPrimaryKey" parameterType="tcStudent" >
    delete from tc_student
    where id = #{id}
  </delete>
  <insert id="insert" parameterType="tcStudent" >
    insert into tc_student (
		id,
		name,
		age,
		sex,
		hobby,
		detail_info,
		note,
		date_created,
		create_id,
		create_ip,
		last_updated,
		del_flag,
		version,
		pic_url,
		birthdate
      ) values (
	    #{id},
		#{name},
		#{age},
		#{sex},
		#{hobby},
		#{detail_info},
		#{note},
		now(),
		#{create_id},
		#{create_ip},
		now(),
		'0',
		 0,
		#{pic_url},
		#{birthdate}
    )
  </insert>
  <update id="updateByPrimaryKeySelective" parameterType="tcStudent" >
    update tc_student set version=version+1
    ,last_updated=now()
	,update_id=#{update_id}
	,update_ip=#{update_ip}
	<if test="name!= null" >,name=#{name}</if>
	<if test="age!= null" >,age=#{age}</if>
	<if test="sex!= null" >,sex=#{sex}</if>
	<if test="hobby!= null" >,hobby=#{hobby}</if>
	<if test="detail_info!= null" >,detail_info=#{detail_info}</if>
	<if test="note!= null" >,note=#{note}</if>
	<if test="del_flag!= null" >,del_flag=#{del_flag}</if>
	<if test="pic_url!= null" >,pic_url=#{pic_url}</if>
	<if test="birthdate!= null" >,birthdate=#{birthdate}</if>
	
	where id=#{id}
  </update>
  	<!--判断是否存在-->
    <select id="isDataYN" parameterType="tcStudent" resultType="int">
    select count(0) from tc_student where id=#{id}
    </select>
    <!--
	 * <p>信息列表 分页。</p>
	 */
	public List<TcStudentBean> findDataIsPage(IEntity dto);
	-->
	<select id="findDataIsPage" resultType="tcStudentBean" parameterType="tcStudent" >
    select
	<include refid="findDataIsList_index_sql"/>
	from tc_student t1
    where 1=1
    <choose>
    	<when test="del_flag!=null">
    		and t1.del_flag=#{del_flag}
    	</when>
    	<otherwise>
    	    and t1.del_flag='0'
    	</otherwise>
    </choose>
    order by t1.name asc
    </select>
	<!-- 
	 * <p>信息列表。</p>
	public List<TcStudentBean> findDataIsList(IEntity dto); -->
	<sql id="findDataIsList_index_sql" >
			t1.id,
			t1.name,
			t1.age,
			t1.sex,
			t1.hobby,
			t1.detail_info,
			t1.note,
			t1.date_created,
			t1.create_id,
			t1.create_ip,
			t1.last_updated,
			t1.del_flag,
			t1.version,
			t1.pic_url,
			t1.birthdate
	</sql>
	<select id="findDataIsList" resultType="tcStudentBean" parameterType="tcStudent" >
		 select
		<include refid="findDataIsList_index_sql"/>
		from tc_student t1
	    where 1=1
	    <choose>
	    	<when test="del_flag!=null">
	    		and t1.del_flag=#{del_flag}
	    	</when>
	    	<otherwise>
	    	    and t1.del_flag='0'
	    	</otherwise>
	    </choose>
	    order by t1.name asc
	    <if test="limit_s!=null and limit_e!=null">
	     limit #{limit_s},#{limit_e}
	    </if>
   </select>
   <!-- 逻辑删除 -->
   <update id="deleteById" parameterType="tcStudent">
	  	update tc_student set version=version+1,last_updated=now(),del_flag='1',update_id=#{update_id}
	   ,update_ip=#{update_ip}
	  	where id=#{id}
   </update>
   <!-- 恢复逻辑删除的数据 -->
   <update id="recoveryDataById" parameterType="tcStudent">
	  	update tc_student set version=version+1,last_updated=now(),del_flag='0',update_id=#{update_id}
	   ,update_ip=#{update_ip}
	  	where id=#{id}
   </update>
</mapper>