<?xml version="1.0" encoding="UTF-8"?>
<beans xmlns="http://www.springframework.org/schema/beans"
	xmlns:xsi="http://www.w3.org/2001/XMLSchema-instance" xmlns:aop="http://www.springframework.org/schema/aop"
	xmlns:tx="http://www.springframework.org/schema/tx"
	xsi:schemaLocation="http://www.springframework.org/schema/beans
	http://www.springframework.org/schema/beans/spring-beans-3.0.xsd
	http://www.springframework.org/schema/tx
	http://www.springframework.org/schema/tx/spring-tx-3.0.xsd
	http://www.springframework.org/schema/aop
	http://www.springframework.org/schema/aop/spring-aop-3.0.xsd
	http://www.springframework.org/schema/context
	http://www.springframework.org/schema/context/spring-context-3.0.xsd">
	<!-- ************************ACTION类************************************* -->
	<!-- ==前台首页== -->
	<bean id="c001Action" class="cn.com.softvan.web.action.cilent.C001Action" scope="prototype">
		<property name="newsManager" ref="newsManager"></property>
		<property name="newsTypeManager" ref="newsTypeManager"></property>
	</bean>
	<!-- ==栏目页== -->
	<bean id="c002Action" class="cn.com.softvan.web.action.cilent.C002Action" scope="prototype">
		<property name="newsManager" ref="newsManager"></property>
		<property name="newsTypeManager" ref="newsTypeManager"></property>
	</bean>
	<!-- ==内容页== -->
	<bean id="c003Action" class="cn.com.softvan.web.action.cilent.C003Action" scope="prototype">
		<property name="newsManager" ref="newsManager"></property>
		<property name="newsTypeManager" ref="newsTypeManager"></property>
	</bean>
	<!-- ==夏令营页== -->
	<bean id="c004Action" class="cn.com.softvan.web.action.cilent.C004Action" scope="prototype">
		<property name="newsManager" ref="newsManager"></property>
		<property name="newsTypeManager" ref="newsTypeManager"></property>
	</bean>
</beans>
