<?xml version="1.0" encoding="UTF-8"?>
<beans xmlns="http://www.springframework.org/schema/beans"
		xmlns:xsi="http://www.w3.org/2001/XMLSchema-instance"
		xmlns:context="http://www.springframework.org/schema/context"
		xmlns:aop="http://www.springframework.org/schema/aop"
		xmlns:tx="http://www.springframework.org/schema/tx"
		xmlns:jee="http://www.springframework.org/schema/jee"
		xsi:schemaLocation="http://www.springframework.org/schema/beans 
		http://www.springframework.org/schema/beans/spring-beans-3.0.xsd
		http://www.springframework.org/schema/context 
		http://www.springframework.org/schema/context/spring-context-3.0.xsd
		http://www.springframework.org/schema/tx 
		http://www.springframework.org/schema/tx/spring-tx-3.0.xsd
		http://www.springframework.org/schema/aop 
		http://www.springframework.org/schema/aop/spring-aop-3.0.xsd
		http://www.springframework.org/schema/jee 
		http://www.springframework.org/schema/jee/spring-jee-3.0.xsd">
	<!-- 学员管理 dao begin -->
	<bean id="tcStudentDao" parent="baseDao">
		<property name="mapperInterface" value="cn.com.softvan.dao.daointer.student.ITcStudentDao"></property>
	</bean>
	<bean id="tcStudentHobbyItemsDao" parent="baseDao">
		<property name="mapperInterface" value="cn.com.softvan.dao.daointer.student.ITcStudentHobbyItemsDao"></property>
	</bean>
	<!-- 学员管理 dao end -->
	<!-- ************************业务处理类************************************* -->
	<!-- 学员管理 begin -->
	<bean id="studentManager" class="cn.com.softvan.service.student.impl.StudentManager" scope="prototype">
		<property name="tcStudentDao" ref="tcStudentDao"></property>
		<property name="tcStudentHobbyItemsDao" ref="tcStudentHobbyItemsDao"></property>
	</bean>
	<!-- 学员管理 end -->
</beans>
