<?xml version="1.0" encoding="UTF-8"?>
<beans xmlns="http://www.springframework.org/schema/beans"
	xmlns:xsi="http://www.w3.org/2001/XMLSchema-instance" xmlns:aop="http://www.springframework.org/schema/aop"
	xmlns:tx="http://www.springframework.org/schema/tx"
	xsi:schemaLocation="http://www.springframework.org/schema/beans
	http://www.springframework.org/schema/beans/spring-beans-3.0.xsd
	http://www.springframework.org/schema/tx
	http://www.springframework.org/schema/tx/spring-tx-3.0.xsd
	http://www.springframework.org/schema/aop
	http://www.springframework.org/schema/aop/spring-aop-3.0.xsd
	http://www.springframework.org/schema/context
	http://www.springframework.org/schema/context/spring-context-3.0.xsd">
	<!-- ************************ACTION类************************************* -->
	 <!-- 课程管理ACTION -->
	<bean id="c101Action" class="cn.com.softvan.web.action.course.C101Action" scope="prototype">
		<property name="courseManager" ref="courseManager"></property>
	</bean>
	<!-- 课程表管理ACTION -->
	<bean id="c102Action" class="cn.com.softvan.web.action.course.C102Action" scope="prototype">
		<property name="courseSyllabusManager" ref="courseSyllabusManager"></property>
		<property name="memberManager" ref="memberManager"></property>
		<property name="studentManager" ref="studentManager"></property>
	</bean>
</beans>
