<?xml version="1.0" encoding="UTF-8"?>
<beans xmlns="http://www.springframework.org/schema/beans"
		xmlns:xsi="http://www.w3.org/2001/XMLSchema-instance"
		xmlns:context="http://www.springframework.org/schema/context"
		xmlns:aop="http://www.springframework.org/schema/aop"
		xmlns:tx="http://www.springframework.org/schema/tx"
		xmlns:jee="http://www.springframework.org/schema/jee"
		xsi:schemaLocation="http://www.springframework.org/schema/beans 
		http://www.springframework.org/schema/beans/spring-beans-3.0.xsd
		http://www.springframework.org/schema/context 
		http://www.springframework.org/schema/context/spring-context-3.0.xsd
		http://www.springframework.org/schema/tx 
		http://www.springframework.org/schema/tx/spring-tx-3.0.xsd
		http://www.springframework.org/schema/aop 
		http://www.springframework.org/schema/aop/spring-aop-3.0.xsd
		http://www.springframework.org/schema/jee 
		http://www.springframework.org/schema/jee/spring-jee-3.0.xsd">
	<!-- 会员管理 dao begin -->
	<bean id="tcMemberDao" parent="baseDao">
		<property name="mapperInterface" value="cn.com.softvan.dao.daointer.member.ITcMemberDao"></property>
	</bean>
	<bean id="tcMemberDetailDao" parent="baseDao">
		<property name="mapperInterface" value="cn.com.softvan.dao.daointer.member.ITcMemberDetailDao"></property>
	</bean>
	<bean id="tcMemberVsStudentDao" parent="baseDao">
		<property name="mapperInterface" value="cn.com.softvan.dao.daointer.member.ITcMemberVsStudentDao"></property>
	</bean>
	<!-- 会员管理 dao end -->
	<!-- ************************业务处理类************************************* -->
	<!-- 会员管理 begin -->
	<bean id="memberManager" class="cn.com.softvan.service.member.impl.MemberManager" scope="prototype">
		<property name="tcMemberDao" ref="tcMemberDao"></property>
		<property name="tcMemberDetailDao" ref="tcMemberDetailDao"></property>
		<property name="tcMemberVsStudentDao" ref="tcMemberVsStudentDao"></property>
	</bean>
	<!-- 会员管理 end -->
</beans>
