<?xml version="1.0" encoding="UTF-8"?>
<beans xmlns="http://www.springframework.org/schema/beans"
	xmlns:xsi="http://www.w3.org/2001/XMLSchema-instance" xmlns:aop="http://www.springframework.org/schema/aop"
	xmlns:tx="http://www.springframework.org/schema/tx"
	xsi:schemaLocation="http://www.springframework.org/schema/beans
	http://www.springframework.org/schema/beans/spring-beans-3.0.xsd
	http://www.springframework.org/schema/tx
	http://www.springframework.org/schema/tx/spring-tx-3.0.xsd
	http://www.springframework.org/schema/aop
	http://www.springframework.org/schema/aop/spring-aop-3.0.xsd
	http://www.springframework.org/schema/context
	http://www.springframework.org/schema/context/spring-context-3.0.xsd">
	<!-- ************************ACTION类************************************* -->
	<!--========================= 系统管理 begin=================================== -->
	<!-- 资讯管理 -->
	<bean id="s001Action" class="cn.com.softvan.web.action.sys.S001Action" scope="prototype">
		<property name="newsManager" ref="newsManager"></property>
		<property name="newsTypeManager" ref="newsTypeManager"></property>
	</bean>
	<!-- 资讯栏目管理 -->
	<bean id="s002Action" class="cn.com.softvan.web.action.sys.S002Action" scope="prototype">
		<property name="newsTypeManager" ref="newsTypeManager"></property>
	</bean>
	<!-- 友情链接 管理 -->
	<bean id="s003Action" class="cn.com.softvan.web.action.sys.S003Action" scope="prototype">
		<property name="parterManager" ref="parterManager"></property>
	</bean>
	<!--========================= 系统管理  end=================================== -->
</beans>
