<?xml version="1.0" encoding="UTF-8"?>
<beans xmlns="http://www.springframework.org/schema/beans"
		xmlns:xsi="http://www.w3.org/2001/XMLSchema-instance"
		xmlns:context="http://www.springframework.org/schema/context"
		xmlns:aop="http://www.springframework.org/schema/aop"
		xmlns:tx="http://www.springframework.org/schema/tx"
		xmlns:jee="http://www.springframework.org/schema/jee"
		xsi:schemaLocation="http://www.springframework.org/schema/beans 
		http://www.springframework.org/schema/beans/spring-beans-3.0.xsd
		http://www.springframework.org/schema/context 
		http://www.springframework.org/schema/context/spring-context-3.0.xsd
		http://www.springframework.org/schema/tx 
		http://www.springframework.org/schema/tx/spring-tx-3.0.xsd
		http://www.springframework.org/schema/aop 
		http://www.springframework.org/schema/aop/spring-aop-3.0.xsd
		http://www.springframework.org/schema/jee 
		http://www.springframework.org/schema/jee/spring-jee-3.0.xsd">
		<!-- ****************************dao*************************************** -->
		<bean id="tcCourseDao" parent="baseDao">
			<property name="mapperInterface" value="cn.com.softvan.dao.daointer.course.ITcCourseDao"></property>
		</bean>
		<bean id="tcCourseSyllabusDao" parent="baseDao">
			<property name="mapperInterface" value="cn.com.softvan.dao.daointer.course.ITcCourseSyllabusDao"></property>
		</bean>
		<bean id="tcCourseSyllabusItemsDao" parent="baseDao">
			<property name="mapperInterface" value="cn.com.softvan.dao.daointer.course.ITcCourseSyllabusItemsDao"></property>
		</bean>
		<!-- ************************业务处理类************************************* -->
		<bean id="courseManager" class="cn.com.softvan.service.course.impl.CourseManager" scope="prototype">
			<property name="tcCourseDao" ref="tcCourseDao"></property>
		</bean>
		<bean id="courseSyllabusManager" class="cn.com.softvan.service.course.impl.CourseSyllabusManager" scope="prototype">
			<property name="tcCourseSyllabusDao" ref="tcCourseSyllabusDao"></property>
			<property name="tcCourseSyllabusItemsDao" ref="tcCourseSyllabusItemsDao"></property>
		</bean>
		<bean id="courseSyllabusItemsManager" class="cn.com.softvan.service.course.impl.CourseSyllabusItemsManager" scope="prototype">
			<property name="tcCourseSyllabusItemsDao" ref="tcCourseSyllabusItemsDao"></property>
		</bean>
</beans>
