<?xml version="1.0" encoding="UTF-8"?>
<!DOCTYPE configuration PUBLIC "-//mybatis.org//DTD Config 3.0//EN"
	"http://mybatis.org/dtd/mybatis-3-config.dtd">
<configuration>
    <settings>
		<!-- 这个配置使全局的映射器启用或禁用缓存 -->
		<setting name="cacheEnabled" value="true" />
		<!-- 全局启用或禁用延迟加载。当禁用时，所有关联对象都会即时加载 -->
		<setting name="lazyLoadingEnabled" value="true" />
		<!-- 当启用时，有延迟加载属性的对象在被调用时将会完全加载任意属性。否则，每种属性将会按需要加载 -->
		<setting name="aggressiveLazyLoading" value="false" />
		<!-- 允许或不允许多种结果集从一个单独的语句中返回（需要适合的驱动） -->
		<setting name="multipleResultSetsEnabled" value="true" />
		<!-- 使用列标签代替列名。不同的驱动在这方便表现不同。参考驱动文档或充分测试两种方法来决定所使用的驱动 -->
		<setting name="useColumnLabel" value="true" />
		<!-- 允许JDBC支持生成的键。需要适合的驱动。如果设置为true则这个设置强制生成的键被使用，尽管一些驱动拒绝兼容但仍然有效（比如Derby） -->
		<setting name="useGeneratedKeys" value="true" />
		<!-- 指定MyBatis如何自动映射列到字段/属性。PARTIAL只会自动映射简单，没有嵌套的结果。FULL会自动映射任意复杂的结果（嵌套的或其他情况） -->
		<setting name="autoMappingBehavior" value="FULL" />
		<!-- 配置默认的执行器。SIMPLE执行器没有什么特别之处。REUSE执行器重用预处理语句。BATCH执行器重用语句和批量更新 -->
		<setting name="defaultExecutorType" value="REUSE" />
		<!-- 设置超时时间，它决定驱动等待一个数据库响应的时间 -->
		<setting name="defaultStatementTimeout" value="25000" />
	</settings>
	<typeAliases>
		<!-- 行政区划 begin -->
		<typeAlias type="cn.com.softvan.bean.adi.AreaBean" alias="AreaBean"/>
		<!-- 行政区划 end -->
		<!-- 微信后台模块 begin--> 
		<!-- bean class -->
		<typeAlias type="cn.com.softvan.bean.wechat.TcWxMenuBean" alias="tcWxMenuBean"/>
		<typeAlias type="cn.com.softvan.bean.wechat.TcWxPublicUserBean" alias="tcWxPublicUserBean"/>
		<typeAlias type="cn.com.softvan.bean.wechat.TcWxInfoBean" alias="tcWxInfoBean"/>
		<typeAlias type="cn.com.softvan.bean.wechat.TcWxUserBean" alias="tcWxUserBean"/>
		<typeAlias type="cn.com.softvan.bean.wechat.TcWxUserGroupsBean" alias="tcWxUserGroupsBean"/>
		<!-- entity class -->
		<typeAlias type="cn.com.softvan.dao.entity.wechat.TcWxMenu" alias="tcWxMenu"/>
		<typeAlias type="cn.com.softvan.dao.entity.wechat.TcWxPublicUser" alias="tcWxPublicUser"/>
		<typeAlias type="cn.com.softvan.dao.entity.wechat.TcWxInfo" alias="tcWxInfo"/>
		<typeAlias type="cn.com.softvan.dao.entity.wechat.TcWxUser" alias="tcWxUser"/>
		<typeAlias type="cn.com.softvan.dao.entity.wechat.TcWxUserGroups" alias="tcWxUserGroups"/>
		<!-- 微信后台模块 end--> 
		
		<!-- 系统管理模块 begin -->
		<!-- bean class -->
		<typeAlias type="cn.com.softvan.bean.sys.TcSysNewsBean" alias="tcSysNewsBean"/>
		<typeAlias type="cn.com.softvan.bean.sys.TcSysNewsTypeBean" alias="tcSysNewsTypeBean"/>
		<typeAlias type="cn.com.softvan.bean.sys.TcSysParterBean" alias="tcSysParterBean"/>
		<!-- entity class -->
		<typeAlias type="cn.com.softvan.dao.entity.sys.TcSysNews" alias="tcSysNews"/>
		<typeAlias type="cn.com.softvan.dao.entity.sys.TcSysNewsType" alias="tcSysNewsType"/>
		<typeAlias type="cn.com.softvan.dao.entity.sys.TcSysNewsVsType" alias="tcSysNewsVsType"/>
		<typeAlias type="cn.com.softvan.dao.entity.sys.TcSysParter" alias="tcSysParter"/>
		<!-- 系统管理模块 end -->
		<!-- 课程管理 begin -->
		<!-- bean class -->
		<typeAlias type="cn.com.softvan.bean.course.TcCourseBean" alias="tcCourseBean"/>
		<typeAlias type="cn.com.softvan.bean.course.TcCourseSyllabusBean" alias="tcCourseSyllabusBean"/>
		<typeAlias type="cn.com.softvan.bean.course.TcCourseSyllabusItemsBean" alias="tcCourseSyllabusItemsBean"/>
		<!-- entity class -->
		<typeAlias type="cn.com.softvan.dao.entity.course.TcCourse" alias="tcCourse"/>
		<typeAlias type="cn.com.softvan.dao.entity.course.TcCourseSyllabus" alias="tcCourseSyllabus"/>
		<typeAlias type="cn.com.softvan.dao.entity.course.TcCourseSyllabusItems" alias="tcCourseSyllabusItems"/>
		<!-- 课程管理 eng -->
		<!-- 会员管理 begin -->
		<!-- bean class -->
		<typeAlias type="cn.com.softvan.bean.member.TcMemberBean" alias="tcMemberBean"/>
		<!-- entity class -->
		<typeAlias type="cn.com.softvan.dao.entity.member.TcMember" alias="tcMember"/>
		<typeAlias type="cn.com.softvan.dao.entity.member.TcMemberDetail" alias="tcMemberDetail"/>
		<typeAlias type="cn.com.softvan.dao.entity.member.TcMemberVsStudent" alias="tcMemberVsStudent"/>
		<!-- 会员管理 end -->
		<!-- 学员管理 begin -->
		<!-- bean class -->
		<typeAlias type="cn.com.softvan.bean.student.TcStudentBean" alias="tcStudentBean"/>
		<typeAlias type="cn.com.softvan.bean.student.TcStudentHobbyItemsBean" alias="tcStudentHobbyItemsBean"/>
		<!-- entity class -->
		<typeAlias type="cn.com.softvan.dao.entity.student.TcStudent" alias="tcStudent"/>
		<typeAlias type="cn.com.softvan.dao.entity.student.TcStudentHobbyItems" alias="tcStudentHobbyItems"/>
		<!-- 学员管理 end -->
	</typeAliases>
	<!-- 插件 -->
	<plugins>
		<plugin interceptor="cn.com.softvan.dao.plugins.PagePlugin">
			<property name="dialect" value="mysql" />
			<property name="pageSqlId" value=".*IsPage.*" />
		</plugin>
	</plugins>
	<!-- xxx -->
	<mappers>
		<!-- 行政区划 begin -->
		<mapper resource="/cn/com/softvan/dao/mybatis/adi/area.xml"/>
		<!-- 行政区划 end -->
		<!-- 微信后台模块 begin-->
		<mapper resource="/cn/com/softvan/dao/mybatis/wechat/TcWxMenu.xml"/>
		<mapper resource="/cn/com/softvan/dao/mybatis/wechat/TcWxPublicUser.xml"/>
		<mapper resource="/cn/com/softvan/dao/mybatis/wechat/TcWxInfo.xml"/>
		<mapper resource="/cn/com/softvan/dao/mybatis/wechat/TcWxUser.xml"/>
		<mapper resource="/cn/com/softvan/dao/mybatis/wechat/TcWxUserGroups.xml"/>
		<!-- 微信后台模块 end-->		
		
		<!-- 用户信息 begin-->	
		<mapper resource="/cn/com/softvan/dao/mybatis/user/TcUaUmBaseRole.xml"/>
		<mapper resource="/cn/com/softvan/dao/mybatis/user/TcUaUmBaseUser.xml"/>
		<mapper resource="/cn/com/softvan/dao/mybatis/user/TcUaUmOperationLog.xml"/>
		<mapper resource="/cn/com/softvan/dao/mybatis/user/TcUaUmPermission.xml"/>
		<mapper resource="/cn/com/softvan/dao/mybatis/user/TcUaUmPermissionGroup.xml"/>
		<mapper resource="/cn/com/softvan/dao/mybatis/user/TcUaUmPermissionGroupRole.xml"/>
		<!-- 用户信息 end-->	
		
		<!-- 附件 begin -->
		<mapper resource="/cn/com/softvan/dao/mybatis/TcFile.xml"/>
		<mapper resource="/cn/com/softvan/dao/mybatis/TcFileLink.xml"/>
		<!-- 附件 end -->
		
		<!-- 系统管理模块 begin -->
		<mapper resource="/cn/com/softvan/dao/mybatis/sys/TcSysEmail.xml"/>
		<mapper resource="/cn/com/softvan/dao/mybatis/sys/TcSysSms.xml"/>
		<mapper resource="/cn/com/softvan/dao/mybatis/sys/TcSysVariable.xml"/>
		<mapper resource="/cn/com/softvan/dao/mybatis/sys/TcSysNews.xml"/>
		<mapper resource="/cn/com/softvan/dao/mybatis/sys/TcSysNewsType.xml"/>
		<mapper resource="/cn/com/softvan/dao/mybatis/sys/TcSysNewsVsType.xml"/>
		<mapper resource="/cn/com/softvan/dao/mybatis/sys/TcSysParter.xml"/>
		<!-- 系统管理模块 end -->
		
		<!-- 课程管理 begin -->
		<mapper resource="/cn/com/softvan/dao/mybatis/course/TcCourse.xml"/>
		<mapper resource="/cn/com/softvan/dao/mybatis/course/TcCourseSyllabus.xml"/>
		<mapper resource="/cn/com/softvan/dao/mybatis/course/TcCourseSyllabusItems.xml"/>
		<!-- 课程管理 end -->
		<!-- 会员管理 begin -->
		<mapper resource="/cn/com/softvan/dao/mybatis/member/TcMember.xml"/>
		<mapper resource="/cn/com/softvan/dao/mybatis/member/TcMemberDetail.xml"/>
		<mapper resource="/cn/com/softvan/dao/mybatis/member/TcMemberVsStudent.xml"/>
		<!-- 会员管理 end -->
		<!-- 学员管理 begin -->
		<mapper resource="/cn/com/softvan/dao/mybatis/student/TcStudent.xml"/>
		<mapper resource="/cn/com/softvan/dao/mybatis/student/TcStudentHobbyItems.xml"/>
		<!-- 学员管理 end -->
	</mappers>
</configuration>