<?xml version="1.0" encoding="UTF-8" ?>
<!DOCTYPE mapper PUBLIC "-//mybatis.org//DTD Mapper 3.0//EN" "http://mybatis.org/dtd/mybatis-3-mapper.dtd" >
<mapper namespace="cn.com.softvan.dao.daointer.sys.ITcSysEmailDao" >
  <resultMap id="BaseResultMap" type="cn.com.softvan.dao.entity.sys.TcSysEmail" >
    <!--
      WARNING - @mbggenerated
      This element is automatically generated by MyBatis Generator, do not modify.
      This element was generated on Tue Feb 25 17:17:41 CST 2014.
    -->
    <id column="mail_id" property="mail_id" jdbcType="CHAR" />
    <result column="mail_from" property="mail_from" jdbcType="VARCHAR" />
    <result column="mail_to" property="mail_to" jdbcType="VARCHAR" />
    <result column="mail_subject" property="mail_subject" jdbcType="VARCHAR" />
    <result column="mail_scontent" property="mail_scontent" jdbcType="VARCHAR" />
    <result column="mail_send_time" property="mail_send_time" jdbcType="TIMESTAMP" />
    <result column="mail_sended_time" property="mail_sended_time" jdbcType="TIMESTAMP" />
    <result column="mail_send_count" property="mail_send_count" jdbcType="INTEGER" />
    <result column="mail_status" property="mail_status" jdbcType="CHAR" />
  </resultMap>
  <resultMap id="ResultMapWithBLOBs" type="cn.com.softvan.dao.entity.sys.TcSysEmail" extends="BaseResultMap" >
    <!--
      WARNING - @mbggenerated
      This element is automatically generated by MyBatis Generator, do not modify.
      This element was generated on Tue Feb 25 17:17:41 CST 2014.
    -->
    <result column="mail_lcontent" property="mailLcontent" jdbcType="LONGVARBINARY" />
  </resultMap>
  <sql id="Base_Column_List" >
    <!--
      WARNING - @mbggenerated
      This element is automatically generated by MyBatis Generator, do not modify.
      This element was generated on Tue Feb 25 17:17:41 CST 2014.
    -->
    mail_id, mail_from, mail_to, mail_subject, mail_scontent, mail_send_time, mail_sended_time, 
    mail_send_count, mail_status
  </sql>
  <sql id="Blob_Column_List" >
    <!--
      WARNING - @mbggenerated
      This element is automatically generated by MyBatis Generator, do not modify.
      This element was generated on Tue Feb 25 17:17:41 CST 2014.
    -->
    mail_lcontent
  </sql>
  <select id="selectByPrimaryKey" resultMap="ResultMapWithBLOBs" parameterType="java.lang.String" >
    <!--
      WARNING - @mbggenerated
      This element is automatically generated by MyBatis Generator, do not modify.
      This element was generated on Tue Feb 25 17:17:41 CST 2014.
    -->
    select 
    <include refid="Base_Column_List" />
    ,
    <include refid="Blob_Column_List" />
    from tc_sys_email
    where mail_id = #{mailId,jdbcType=CHAR}
  </select>
  <delete id="deleteByPrimaryKey" parameterType="java.lang.String" >
    <!--
      WARNING - @mbggenerated
      This element is automatically generated by MyBatis Generator, do not modify.
      This element was generated on Tue Feb 25 17:17:41 CST 2014.
    -->
    delete from tc_sys_email
    where mail_id = #{mailId,jdbcType=CHAR}
  </delete>
  <insert id="insert" parameterType="cn.com.softvan.dao.entity.sys.TcSysEmail" >
    <!--
      WARNING - @mbggenerated
      This element is automatically generated by MyBatis Generator, do not modify.
      This element was generated on Tue Feb 25 17:17:41 CST 2014.
    -->
    insert into tc_sys_email (mail_id, mail_from, mail_to, 
      mail_subject, mail_scontent, mail_send_time, 
      mail_sended_time, mail_send_count, mail_status, 
      mail_lcontent)
    values (#{mailId,jdbcType=CHAR}, #{mailFrom,jdbcType=VARCHAR}, #{mailTo,jdbcType=VARCHAR}, 
      #{mailSubject,jdbcType=VARCHAR}, #{mailScontent,jdbcType=VARCHAR}, #{mailSendTime,jdbcType=TIMESTAMP}, 
      #{mailSendedTime,jdbcType=TIMESTAMP}, #{mailSendCount,jdbcType=INTEGER}, #{mailStatus,jdbcType=CHAR}, 
      #{mailLcontent,jdbcType=LONGVARBINARY})
  </insert>
  <insert id="insertSelective" parameterType="cn.com.softvan.dao.entity.sys.TcSysEmail" >
    <!--
      WARNING - @mbggenerated
      This element is automatically generated by MyBatis Generator, do not modify.
      This element was generated on Tue Feb 25 17:17:41 CST 2014.
    -->
    insert into tc_sys_email
    <trim prefix="(" suffix=")" suffixOverrides="," >
      <if test="mailId != null" >
        mail_id,
      </if>
      <if test="mailFrom != null" >
        mail_from,
      </if>
      <if test="mailTo != null" >
        mail_to,
      </if>
      <if test="mailSubject != null" >
        mail_subject,
      </if>
      <if test="mailScontent != null" >
        mail_scontent,
      </if>
      <if test="mailSendTime != null" >
        mail_send_time,
      </if>
      <if test="mailSendedTime != null" >
        mail_sended_time,
      </if>
      <if test="mailSendCount != null" >
        mail_send_count,
      </if>
      <if test="mailStatus != null" >
        mail_status,
      </if>
      <if test="mailLcontent != null" >
        mail_lcontent,
      </if>
    </trim>
    <trim prefix="values (" suffix=")" suffixOverrides="," >
      <if test="mailId != null" >
        #{mailId,jdbcType=CHAR},
      </if>
      <if test="mailFrom != null" >
        #{mailFrom,jdbcType=VARCHAR},
      </if>
      <if test="mailTo != null" >
        #{mailTo,jdbcType=VARCHAR},
      </if>
      <if test="mailSubject != null" >
        #{mailSubject,jdbcType=VARCHAR},
      </if>
      <if test="mailScontent != null" >
        #{mailScontent,jdbcType=VARCHAR},
      </if>
      <if test="mailSendTime != null" >
        #{mailSendTime,jdbcType=TIMESTAMP},
      </if>
      <if test="mailSendedTime != null" >
        #{mailSendedTime,jdbcType=TIMESTAMP},
      </if>
      <if test="mailSendCount != null" >
        #{mailSendCount,jdbcType=INTEGER},
      </if>
      <if test="mailStatus != null" >
        #{mailStatus,jdbcType=CHAR},
      </if>
      <if test="mailLcontent != null" >
        #{mailLcontent,jdbcType=LONGVARBINARY},
      </if>
    </trim>
  </insert>
  <update id="updateByPrimaryKeySelective" parameterType="cn.com.softvan.dao.entity.sys.TcSysEmail" >
    <!--
      WARNING - @mbggenerated
      This element is automatically generated by MyBatis Generator, do not modify.
      This element was generated on Tue Feb 25 17:17:41 CST 2014.
    -->
    update tc_sys_email
    <set >
      <if test="mailFrom != null" >
        mail_from = #{mailFrom,jdbcType=VARCHAR},
      </if>
      <if test="mailTo != null" >
        mail_to = #{mailTo,jdbcType=VARCHAR},
      </if>
      <if test="mailSubject != null" >
        mail_subject = #{mailSubject,jdbcType=VARCHAR},
      </if>
      <if test="mailScontent != null" >
        mail_scontent = #{mailScontent,jdbcType=VARCHAR},
      </if>
      <if test="mailSendTime != null" >
        mail_send_time = #{mailSendTime,jdbcType=TIMESTAMP},
      </if>
      <if test="mailSendedTime != null" >
        mail_sended_time = #{mailSendedTime,jdbcType=TIMESTAMP},
      </if>
      <if test="mailSendCount != null" >
        mail_send_count = #{mailSendCount,jdbcType=INTEGER},
      </if>
      <if test="mailStatus != null" >
        mail_status = #{mailStatus,jdbcType=CHAR},
      </if>
      <if test="mailLcontent != null" >
        mail_lcontent = #{mailLcontent,jdbcType=LONGVARBINARY},
      </if>
    </set>
    where mail_id = #{mailId,jdbcType=CHAR}
  </update>
  <update id="updateByPrimaryKeyWithBLOBs" parameterType="cn.com.softvan.dao.entity.sys.TcSysEmail" >
    <!--
      WARNING - @mbggenerated
      This element is automatically generated by MyBatis Generator, do not modify.
      This element was generated on Tue Feb 25 17:17:41 CST 2014.
    -->
    update tc_sys_email
    set mail_from = #{mailFrom,jdbcType=VARCHAR},
      mail_to = #{mailTo,jdbcType=VARCHAR},
      mail_subject = #{mailSubject,jdbcType=VARCHAR},
      mail_scontent = #{mailScontent,jdbcType=VARCHAR},
      mail_send_time = #{mailSendTime,jdbcType=TIMESTAMP},
      mail_sended_time = #{mailSendedTime,jdbcType=TIMESTAMP},
      mail_send_count = #{mailSendCount,jdbcType=INTEGER},
      mail_status = #{mailStatus,jdbcType=CHAR},
      mail_lcontent = #{mailLcontent,jdbcType=LONGVARBINARY}
    where mail_id = #{mailId,jdbcType=CHAR}
  </update>
  <update id="updateByPrimaryKey" parameterType="cn.com.softvan.dao.entity.sys.TcSysEmail" >
    <!--
      WARNING - @mbggenerated
      This element is automatically generated by MyBatis Generator, do not modify.
      This element was generated on Tue Feb 25 17:17:41 CST 2014.
    -->
    update tc_sys_email
    set mail_from = #{mailFrom,jdbcType=VARCHAR},
      mail_to = #{mailTo,jdbcType=VARCHAR},
      mail_subject = #{mailSubject,jdbcType=VARCHAR},
      mail_scontent = #{mailScontent,jdbcType=VARCHAR},
      mail_send_time = #{mailSendTime,jdbcType=TIMESTAMP},
      mail_sended_time = #{mailSendedTime,jdbcType=TIMESTAMP},
      mail_send_count = #{mailSendCount,jdbcType=INTEGER},
      mail_status = #{mailStatus,jdbcType=CHAR}
    where mail_id = #{mailId,jdbcType=CHAR}
  </update>
</mapper>