<?xml version="1.0" encoding="UTF-8" ?>
<!DOCTYPE mapper PUBLIC "-//mybatis.org//DTD Mapper 3.0//EN" "http://mybatis.org/dtd/mybatis-3-mapper.dtd" >
<mapper namespace="cn.com.softvan.dao.daointer.sys.ITcSysVariableDao" >
  <resultMap id="BaseResultMap" type="cn.com.softvan.dao.entity.sys.TcSysVariable" >
    <!--
      WARNING - @mbggenerated
      This element is automatically generated by MyBatis Generator, do not modify.
      This element was generated on Tue Feb 25 17:17:41 CST 2014.
    -->
    <id column="variable_id" property="variable_id" jdbcType="VARCHAR" />
    <id column="variable_sub_id" property="variable_sub_id" jdbcType="VARCHAR" />
    <result column="variable_name" property="variable_name" jdbcType="VARCHAR" />
    <result column="variable_sub_name" property="variable_sub_name" jdbcType="VARCHAR" />
    <result column="del_flg" property="del_flg" jdbcType="CHAR" />
    <result column="date_created" property="date_created" jdbcType="TIMESTAMP" />
    <result column="create_id" property="create_id" jdbcType="VARCHAR" />
    <result column="create_ip" property="create_ip" jdbcType="VARCHAR" />
    <result column="last_updated" property="last_updated" jdbcType="TIMESTAMP" />
    <result column="update_id" property="update_id" jdbcType="VARCHAR" />
    <result column="update_ip" property="update_ip" jdbcType="VARCHAR" />
  </resultMap>
  <sql id="Base_Column_List" >
    <!--
      WARNING - @mbggenerated
      This element is automatically generated by MyBatis Generator, do not modify.
      This element was generated on Tue Feb 25 17:17:41 CST 2014.
    -->
    variable_id, variable_sub_id, variable_name, variable_sub_name, del_flg, date_created, 
    create_id, create_ip, last_updated, update_id, update_ip
  </sql>
  <select id="selectByPrimaryKey" resultMap="BaseResultMap" parameterType="cn.com.softvan.dao.entity.sys.TcSysVariable" >
    <!--
      WARNING - @mbggenerated
      This element is automatically generated by MyBatis Generator, do not modify.
      This element was generated on Tue Feb 25 17:17:41 CST 2014.
    -->
    select 
    <include refid="Base_Column_List" />
    from tc_sys_variable
    where variable_id = #{variableId,jdbcType=VARCHAR}
      and variable_sub_id = #{variableSubId,jdbcType=VARCHAR}
  </select>
  <delete id="deleteByPrimaryKey" parameterType="cn.com.softvan.dao.entity.sys.TcSysVariable" >
    <!--
      WARNING - @mbggenerated
      This element is automatically generated by MyBatis Generator, do not modify.
      This element was generated on Tue Feb 25 17:17:41 CST 2014.
    -->
    delete from tc_sys_variable
    where variable_id = #{variableId,jdbcType=VARCHAR}
      and variable_sub_id = #{variableSubId,jdbcType=VARCHAR}
  </delete>
  <insert id="insert" parameterType="cn.com.softvan.dao.entity.sys.TcSysVariable" >
    <!--
      WARNING - @mbggenerated
      This element is automatically generated by MyBatis Generator, do not modify.
      This element was generated on Tue Feb 25 17:17:41 CST 2014.
    -->
    insert into tc_sys_variable (variable_id, variable_sub_id, variable_name, 
      variable_sub_name, del_flg, date_created, 
      create_id, create_ip, last_updated, 
      update_id, update_ip)
    values (#{variableId,jdbcType=VARCHAR}, #{variableSubId,jdbcType=VARCHAR}, #{variableName,jdbcType=VARCHAR}, 
      #{variableSubName,jdbcType=VARCHAR}, #{delFlg,jdbcType=CHAR}, #{date_created,jdbcType=TIMESTAMP}, 
      #{create_id,jdbcType=VARCHAR}, #{create_ip,jdbcType=VARCHAR}, #{last_updated,jdbcType=TIMESTAMP}, 
      #{update_id,jdbcType=VARCHAR}, #{update_ip,jdbcType=VARCHAR})
  </insert>
  <insert id="insertSelective" parameterType="cn.com.softvan.dao.entity.sys.TcSysVariable" >
    <!--
      WARNING - @mbggenerated
      This element is automatically generated by MyBatis Generator, do not modify.
      This element was generated on Tue Feb 25 17:17:41 CST 2014.
    -->
    insert into tc_sys_variable
    <trim prefix="(" suffix=")" suffixOverrides="," >
      <if test="variableId != null" >
        variable_id,
      </if>
      <if test="variableSubId != null" >
        variable_sub_id,
      </if>
      <if test="variableName != null" >
        variable_name,
      </if>
      <if test="variableSubName != null" >
        variable_sub_name,
      </if>
      <if test="delFlg != null" >
        del_flg,
      </if>
      <if test="date_created != null" >
        date_created,
      </if>
      <if test="create_id != null" >
        create_id,
      </if>
      <if test="create_ip != null" >
        create_ip,
      </if>
      <if test="last_updated != null" >
        last_updated,
      </if>
      <if test="update_id != null" >
        update_id,
      </if>
      <if test="update_ip != null" >
        update_ip,
      </if>
    </trim>
    <trim prefix="values (" suffix=")" suffixOverrides="," >
      <if test="variableId != null" >
        #{variableId,jdbcType=VARCHAR},
      </if>
      <if test="variableSubId != null" >
        #{variableSubId,jdbcType=VARCHAR},
      </if>
      <if test="variableName != null" >
        #{variableName,jdbcType=VARCHAR},
      </if>
      <if test="variableSubName != null" >
        #{variableSubName,jdbcType=VARCHAR},
      </if>
      <if test="delFlg != null" >
        #{delFlg,jdbcType=CHAR},
      </if>
      <if test="date_created != null" >
        #{date_created,jdbcType=TIMESTAMP},
      </if>
      <if test="create_id != null" >
        #{create_id,jdbcType=VARCHAR},
      </if>
      <if test="create_ip != null" >
        #{create_ip,jdbcType=VARCHAR},
      </if>
      <if test="last_updated != null" >
        #{last_updated,jdbcType=TIMESTAMP},
      </if>
      <if test="update_id != null" >
        #{update_id,jdbcType=VARCHAR},
      </if>
      <if test="update_ip != null" >
        #{update_ip,jdbcType=VARCHAR},
      </if>
    </trim>
  </insert>
  <update id="updateByPrimaryKeySelective" parameterType="cn.com.softvan.dao.entity.sys.TcSysVariable" >
    <!--
      WARNING - @mbggenerated
      This element is automatically generated by MyBatis Generator, do not modify.
      This element was generated on Tue Feb 25 17:17:41 CST 2014.
    -->
    update tc_sys_variable
    <set >
      <if test="variableName != null" >
        variable_name = #{variableName,jdbcType=VARCHAR},
      </if>
      <if test="variableSubName != null" >
        variable_sub_name = #{variableSubName,jdbcType=VARCHAR},
      </if>
      <if test="delFlg != null" >
        del_flg = #{delFlg,jdbcType=CHAR},
      </if>
      <if test="date_created != null" >
        date_created = #{date_created,jdbcType=TIMESTAMP},
      </if>
      <if test="create_id != null" >
        create_id = #{create_id,jdbcType=VARCHAR},
      </if>
      <if test="create_ip != null" >
        create_ip = #{create_ip,jdbcType=VARCHAR},
      </if>
      <if test="last_updated != null" >
        last_updated = #{last_updated,jdbcType=TIMESTAMP},
      </if>
      <if test="update_id != null" >
        update_id = #{update_id,jdbcType=VARCHAR},
      </if>
      <if test="update_ip != null" >
        update_ip = #{update_ip,jdbcType=VARCHAR},
      </if>
    </set>
    where variable_id = #{variableId,jdbcType=VARCHAR}
      and variable_sub_id = #{variableSubId,jdbcType=VARCHAR}
  </update>
  <update id="updateByPrimaryKey" parameterType="cn.com.softvan.dao.entity.sys.TcSysVariable" >
    <!--
      WARNING - @mbggenerated
      This element is automatically generated by MyBatis Generator, do not modify.
      This element was generated on Tue Feb 25 17:17:41 CST 2014.
    -->
    update tc_sys_variable
    set variable_name = #{variableName,jdbcType=VARCHAR},
      variable_sub_name = #{variableSubName,jdbcType=VARCHAR},
      del_flg = #{delFlg,jdbcType=CHAR},
      date_created = #{date_created,jdbcType=TIMESTAMP},
      create_id = #{create_id,jdbcType=VARCHAR},
      create_ip = #{create_ip,jdbcType=VARCHAR},
      last_updated = #{last_updated,jdbcType=TIMESTAMP},
      update_id = #{update_id,jdbcType=VARCHAR},
      update_ip = #{update_ip,jdbcType=VARCHAR}
    where variable_id = #{variableId,jdbcType=VARCHAR}
      and variable_sub_id = #{variableSubId,jdbcType=VARCHAR}
  </update>
</mapper>