<?xml version="1.0" encoding="UTF-8" ?>
<!DOCTYPE mapper PUBLIC "-//mybatis.org//DTD Mapper 3.0//EN" "http://mybatis.org/dtd/mybatis-3-mapper.dtd" >
<mapper namespace="cn.com.softvan.dao.daointer.sys.ITcSysSmsDao" >
  <resultMap id="BaseResultMap" type="cn.com.softvan.dao.entity.sys.TcSysSms" >
    <!--
      WARNING - @mbggenerated
      This element is automatically generated by MyBatis Generator, do not modify.
      This element was generated on Tue Feb 25 17:17:41 CST 2014.
    -->
    <id column="sms_id" property="sms_id" jdbcType="CHAR" />
    <result column="sms_src_id" property="sms_src_id" jdbcType="VARCHAR" />
    <result column="sms_dst_id" property="sms_dst_id" jdbcType="VARCHAR" />
    <result column="sms_content" property="sms_content" jdbcType="VARCHAR" />
    <result column="sms_send_time" property="sms_send_time" jdbcType="TIMESTAMP" />
    <result column="sms_sended_time" property="sms_sended_time" jdbcType="TIMESTAMP" />
    <result column="sms_send_count" property="sms_send_count" jdbcType="INTEGER" />
    <result column="sms_status" property="sms_status" jdbcType="CHAR" />
  </resultMap>
  <sql id="Base_Column_List" >
    <!--
      WARNING - @mbggenerated
      This element is automatically generated by MyBatis Generator, do not modify.
      This element was generated on Tue Feb 25 17:17:41 CST 2014.
    -->
    sms_id, sms_src_id, sms_dst_id, sms_content, sms_send_time, sms_sended_time, sms_send_count, 
    sms_status
  </sql>
  <select id="selectByPrimaryKey" resultMap="BaseResultMap" parameterType="java.lang.String" >
    <!--
      WARNING - @mbggenerated
      This element is automatically generated by MyBatis Generator, do not modify.
      This element was generated on Tue Feb 25 17:17:41 CST 2014.
    -->
    select 
    <include refid="Base_Column_List" />
    from tc_sys_sms
    where sms_id = #{smsId,jdbcType=CHAR}
  </select>
  <delete id="deleteByPrimaryKey" parameterType="java.lang.String" >
    <!--
      WARNING - @mbggenerated
      This element is automatically generated by MyBatis Generator, do not modify.
      This element was generated on Tue Feb 25 17:17:41 CST 2014.
    -->
    delete from tc_sys_sms
    where sms_id = #{smsId,jdbcType=CHAR}
  </delete>
  <insert id="insert" parameterType="cn.com.softvan.dao.entity.sys.TcSysSms" >
    <!--
      WARNING - @mbggenerated
      This element is automatically generated by MyBatis Generator, do not modify.
      This element was generated on Tue Feb 25 17:17:41 CST 2014.
    -->
    insert into tc_sys_sms (sms_id, sms_src_id, sms_dst_id, 
      sms_content, sms_send_time, sms_sended_time, 
      sms_send_count, sms_status)
    values (#{smsId,jdbcType=CHAR}, #{smsSrcId,jdbcType=VARCHAR}, #{smsDstId,jdbcType=VARCHAR}, 
      #{smsContent,jdbcType=VARCHAR}, #{smsSendTime,jdbcType=TIMESTAMP}, #{smsSendedTime,jdbcType=TIMESTAMP}, 
      #{smsSendCount,jdbcType=INTEGER}, #{smsStatus,jdbcType=CHAR})
  </insert>
  <insert id="insertSelective" parameterType="cn.com.softvan.dao.entity.sys.TcSysSms" >
    <!--
      WARNING - @mbggenerated
      This element is automatically generated by MyBatis Generator, do not modify.
      This element was generated on Tue Feb 25 17:17:41 CST 2014.
    -->
    insert into tc_sys_sms
    <trim prefix="(" suffix=")" suffixOverrides="," >
      <if test="smsId != null" >
        sms_id,
      </if>
      <if test="smsSrcId != null" >
        sms_src_id,
      </if>
      <if test="smsDstId != null" >
        sms_dst_id,
      </if>
      <if test="smsContent != null" >
        sms_content,
      </if>
      <if test="smsSendTime != null" >
        sms_send_time,
      </if>
      <if test="smsSendedTime != null" >
        sms_sended_time,
      </if>
      <if test="smsSendCount != null" >
        sms_send_count,
      </if>
      <if test="smsStatus != null" >
        sms_status,
      </if>
    </trim>
    <trim prefix="values (" suffix=")" suffixOverrides="," >
      <if test="smsId != null" >
        #{smsId,jdbcType=CHAR},
      </if>
      <if test="smsSrcId != null" >
        #{smsSrcId,jdbcType=VARCHAR},
      </if>
      <if test="smsDstId != null" >
        #{smsDstId,jdbcType=VARCHAR},
      </if>
      <if test="smsContent != null" >
        #{smsContent,jdbcType=VARCHAR},
      </if>
      <if test="smsSendTime != null" >
        #{smsSendTime,jdbcType=TIMESTAMP},
      </if>
      <if test="smsSendedTime != null" >
        #{smsSendedTime,jdbcType=TIMESTAMP},
      </if>
      <if test="smsSendCount != null" >
        #{smsSendCount,jdbcType=INTEGER},
      </if>
      <if test="smsStatus != null" >
        #{smsStatus,jdbcType=CHAR},
      </if>
    </trim>
  </insert>
  <update id="updateByPrimaryKeySelective" parameterType="cn.com.softvan.dao.entity.sys.TcSysSms" >
    <!--
      WARNING - @mbggenerated
      This element is automatically generated by MyBatis Generator, do not modify.
      This element was generated on Tue Feb 25 17:17:41 CST 2014.
    -->
    update tc_sys_sms
    <set >
      <if test="smsSrcId != null" >
        sms_src_id = #{smsSrcId,jdbcType=VARCHAR},
      </if>
      <if test="smsDstId != null" >
        sms_dst_id = #{smsDstId,jdbcType=VARCHAR},
      </if>
      <if test="smsContent != null" >
        sms_content = #{smsContent,jdbcType=VARCHAR},
      </if>
      <if test="smsSendTime != null" >
        sms_send_time = #{smsSendTime,jdbcType=TIMESTAMP},
      </if>
      <if test="smsSendedTime != null" >
        sms_sended_time = #{smsSendedTime,jdbcType=TIMESTAMP},
      </if>
      <if test="smsSendCount != null" >
        sms_send_count = #{smsSendCount,jdbcType=INTEGER},
      </if>
      <if test="smsStatus != null" >
        sms_status = #{smsStatus,jdbcType=CHAR},
      </if>
    </set>
    where sms_id = #{smsId,jdbcType=CHAR}
  </update>
  <update id="updateByPrimaryKey" parameterType="cn.com.softvan.dao.entity.sys.TcSysSms" >
    <!--
      WARNING - @mbggenerated
      This element is automatically generated by MyBatis Generator, do not modify.
      This element was generated on Tue Feb 25 17:17:41 CST 2014.
    -->
    update tc_sys_sms
    set sms_src_id = #{smsSrcId,jdbcType=VARCHAR},
      sms_dst_id = #{smsDstId,jdbcType=VARCHAR},
      sms_content = #{smsContent,jdbcType=VARCHAR},
      sms_send_time = #{smsSendTime,jdbcType=TIMESTAMP},
      sms_sended_time = #{smsSendedTime,jdbcType=TIMESTAMP},
      sms_send_count = #{smsSendCount,jdbcType=INTEGER},
      sms_status = #{smsStatus,jdbcType=CHAR}
    where sms_id = #{smsId,jdbcType=CHAR}
  </update>
</mapper>