<?xml version="1.0" encoding="UTF-8" ?>
<!DOCTYPE mapper PUBLIC "-//mybatis.org//DTD Mapper 3.0//EN" "http://mybatis.org/dtd/mybatis-3-mapper.dtd" >
<mapper namespace="cn.com.softvan.dao.daointer.sys.ITcSysNewsDao" >
  <sql id="Base_Column_List" >
	id ,
	version ,
	sort_num ,
	title ,
	second_title ,
	keyword ,
	brief_info ,
	detail_info ,
	is_ontop ,
	click_count ,
	msgtype ,
	note ,
	date_created ,
	create_id ,
	create_ip ,
	last_updated,
	pic_url,
	info_source
  </sql>
  <select id="selectByPrimaryKey" resultType="tcSysNewsBean" parameterType="tcSysNews" >
    select 
    <include refid="Base_Column_List" />
    from tc_sys_news
    where id = #{id}
  </select>
  <delete id="deleteByPrimaryKey" parameterType="tcSysNews" >
    delete from tc_sys_news
    where id = #{id}
  </delete>
  <insert id="insert" parameterType="tcSysNews" >
    insert into tc_sys_news (
	    id ,
		version ,
		sort_num ,
		title ,
		second_title ,
		keyword ,
		brief_info ,
		detail_info ,
		is_ontop ,
		click_count ,
		msgtype ,
		note ,
		date_created ,
		create_id ,
		create_ip ,
		last_updated ,
		del_flag,
		pic_url,
		info_source
      ) values (
	    #{id},
		0,
		${sort_num},
		#{title},
		#{second_title},
		#{keyword},
		#{brief_info},
		#{detail_info},
		#{is_ontop},
		0,
		#{msgtype},
		#{note},
		now(),
		#{create_id},
		#{create_ip},
		now(),
		'0',
		#{pic_url},
		#{info_source}
    )
  </insert>
  <update id="updateByPrimaryKeySelective" parameterType="tcSysNews" >
    update tc_sys_news set version=version+1
    ,last_updated=now()
	,update_id=#{update_id}
	,update_ip=#{update_ip}
	<if test="sort_num!= null" >,sort_num=${sort_num}</if>
	<if test="title!= null" >,title=#{title}</if>
	<if test="second_title!= null" >,second_title=#{second_title}</if>
	<if test="keyword!= null" >,keyword=#{keyword}</if>
	<if test="brief_info!= null" >,brief_info=#{brief_info}</if>
	<if test="detail_info!= null" >,detail_info=#{detail_info}</if>
	<if test="is_ontop!= null" >,is_ontop=#{is_ontop}</if>
	<if test="click_count!= null" >,click_count=${click_count}</if>
	<if test="msgtype!= null" >,msgtype=#{msgtype}</if>
	<if test="note!= null" >,note=#{note}</if>
	<if test="del_flag!= null" >,del_flag=#{del_flag}</if>
	<if test="pic_url!= null" >,pic_url=#{pic_url}</if>
	where id=#{id}
  </update>
  	<!--判断是否存在-->
    <select id="isDataYN" parameterType="tcSysNews" resultType="int">
    select count(0) from tc_sys_news where id=#{id}
    </select>
    <!--
	 * <p>信息列表 分页。</p>
	 */
	public List<TcSysNewsBean> findDataIsPage(IEntity dto);
	-->
	<select id="findDataIsPage" resultType="tcSysNewsBean" parameterType="tcSysNews" >
    select
	<include refid="findDataIsList_index_sql"/>
	from tc_sys_news t1
	left join tc_sys_news_vs_type t2 on (t1.id=t2.new_id)
    where 1=1
    <choose>
    	<when test="del_flag!=null">
    		and t1.del_flag=#{del_flag}
    	</when>
    	<otherwise>
    	    and t1.del_flag='0'
    	</otherwise>
    </choose>
    and t1.info_source=#{info_source}
    <if test="type_id!=null"> and t2.type_id=#{type_id}</if>
    group  by t1.id
    order by t1.last_updated desc
    </select>
	<!-- 
	 * <p>信息列表。</p>
	public List<TcSysNewsBean> findDataIsList(IEntity dto); -->
	<sql id="findDataIsList_index_sql" >
			t1.id ,
			t1.title ,
			t1.last_updated,
			t2.type_id,
			t1.pic_url
	</sql>
	<select id="findDataIsList" resultType="tcSysNewsBean" parameterType="tcSysNews" >
		 select
		<include refid="findDataIsList_index_sql"/>
		,t3.parent_id
		from tc_sys_news t1
		left join tc_sys_news_vs_type t2 on (t1.id=t2.new_id)
		left join tc_sys_news_type t3 on (t3.id=t2.type_id)
	    where 1=1
	    <choose>
	    	<when test="del_flag!=null">
	    		and t1.del_flag=#{del_flag}
	    	</when>
	    	<otherwise>
	    	    and t1.del_flag='0'
	    	</otherwise>
	    </choose>
	    and t1.info_source=#{info_source}
	    <if test="type_id!=null"> and t2.type_id=#{type_id}</if>
	    group  by t1.id
	    order by t1.last_updated desc
	    <if test="limit_s!=null and limit_e!=null">
	     limit #{limit_s},#{limit_e}
	    </if>
   </select>
   <!-- 逻辑删除 -->
   <update id="deleteById" parameterType="tcSysNews">
	  	update tc_sys_news set version=version+1,last_updated=now(),del_flag='1',update_id=#{update_id}
	   ,update_ip=#{update_ip}
	  	where id=#{id}
   </update>
   <!-- 恢复逻辑删除的数据 -->
   <update id="recoveryDataById" parameterType="tcSysNews">
	  	update tc_sys_news set version=version+1,last_updated=now(),del_flag='0',update_id=#{update_id}
	   ,update_ip=#{update_ip}
	  	where id=#{id}
   </update>
</mapper>