<?xml version="1.0" encoding="UTF-8" ?>
<!DOCTYPE mapper PUBLIC "-//mybatis.org//DTD Mapper 3.0//EN" "http://mybatis.org/dtd/mybatis-3-mapper.dtd" >
<mapper namespace="cn.com.softvan.dao.daointer.sys.ITcSysNewsTypeDao" >
  <sql id="Base_Column_List" >
	id,
	name,
	note,
	parent_id,
	sort_num,
	date_created,
	create_id,
	create_ip,
	last_updated,
	update_id,
	update_ip,
	version,
	del_flag,
	detail_info	
  </sql>
  <select id="selectByPrimaryKey" resultType="tcSysNewsTypeBean" parameterType="tcSysNewsType" >
    select 
    <include refid="Base_Column_List" />
    from tc_sys_news_type
    where id = #{id}
  </select>
  <delete id="deleteByPrimaryKey" parameterType="tcSysNewsType" >
    delete from tc_sys_news_type
    where id = #{id}
  </delete>
  <insert id="insert" parameterType="tcSysNewsType" >
    insert into tc_sys_news_type (
	    id,
		name,
		note,
		parent_id,
		sort_num,
		date_created,
		create_id,
		create_ip,
		last_updated,
		version,
		del_flag,
		detail_info	
      ) values (
	    #{id},
		#{name},
		#{note},
		#{parent_id},
		#{sort_num},
		now(),
		#{create_id},
		#{create_ip},
		now(),
		 0,
		'0',
		#{detail_info}	
    )
  </insert>
  <update id="updateByPrimaryKeySelective" parameterType="tcSysNewsType" >
    update tc_sys_news_type set version=version+1
    ,last_updated=now()
	,update_id=#{update_id}
	,update_ip=#{update_ip}
	<if test="sort_num!= null" >,sort_num=${sort_num}</if>
	<if test="parent_id!= null" >,parent_id=#{parent_id}</if>
	<if test="name!= null" >,name=#{name}</if>
	<if test="detail_info!= null" >,detail_info=#{detail_info}</if>
	<if test="note!= null" >,note=#{note}</if>
	<if test="del_flag!= null" >,del_flag=#{del_flag}</if>
	where id=#{id}
  </update>
  	<!--判断是否存在-->
    <select id="isDataYN" parameterType="tcSysNewsType" resultType="int">
    select count(0) from tc_sys_news_type where id=#{id}
    </select>
    <!--
	 * <p>信息列表 分页。</p>
	 */
	public List<TcSysNewsBean> findDataIsPage(IEntity dto);
	-->
	<select id="findDataIsPage" resultType="tcSysNewsTypeBean" parameterType="tcSysNewsType" >
    select 
    id ,
	name ,
	last_updated ,
	 sort_num
    from tc_sys_news_type
    where 1=1
    <choose>
    	<when test="del_flag!=null">
    		and del_flag=#{del_flag}
    	</when>
    	<otherwise>
    	    and del_flag='0'
    	</otherwise>
    </choose>
    order by sort_num asc
    </select>
	<!-- 
	 * <p>信息列表。</p>
	public List<TcSysNewsBean> findDataIsList(IEntity dto); -->
	<select id="findDataIsList" resultType="tcSysNewsTypeBean" parameterType="tcSysNewsType" >
    select 
     id ,
	name ,
	last_updated,
	 sort_num 
    from tc_sys_news_type
    where 1=1
    <choose>
    	<when test="del_flag!=null">
    		and del_flag=#{del_flag}
    	</when>
    	<otherwise>
    	    and del_flag='0'
    	</otherwise>
    </choose>
     order by sort_num asc
   </select>
   <!-- 逻辑删除 -->
   <update id="deleteById" parameterType="tcSysNewsType">
	  	update tc_sys_news_type set version=version+1,last_updated=now(),del_flag='1',update_id=#{update_id}
	   ,update_ip=#{update_ip}
	  	where id=#{id}
   </update>
   <!-- 恢复逻辑删除的数据 -->
   <update id="recoveryDataById" parameterType="tcSysNewsType">
	  	update tc_sys_news_type set version=version+1,last_updated=now(),del_flag='0',update_id=#{update_id}
	   ,update_ip=#{update_ip}
	  	where id=#{id}
   </update>
   <!-- 查询信息树 findDataIsTree -->
   <resultMap id="resultMapTree" type="tcSysNewsTypeBean">
		<id property="id" column="id" />
		<result property="name" column="name" />
		<result property="parent_id" column="parent_id" />
		<collection property="beans"
			column="{id=id}"
			javaType="java.util.List" select="getDataChildList"
			ofType="cn.com.softvan.bean.sys.TcSysNewsTypeBean">
		</collection>
	</resultMap>
	<select id="findDataIsTree" resultMap="resultMapTree" parameterType="tcSysNewsType" >
    select 
     id ,
	 name,
	 parent_id ,
	 sort_num
     from tc_sys_news_type
     where 1=1
  	 and del_flag='0'
  	 <choose>
    	<when test="parent_id!=null">
    		 and parent_id=#{parent_id}
    	</when>
    	<otherwise>
    	    and (parent_id is null or parent_id='')
    	</otherwise>
    </choose>
     order by sort_num asc
   </select>
   <!-- ======2============== -->
   <resultMap id="getDataChildListMap" type="tcSysNewsTypeBean">
		<id property="id" column="id" />
		<result property="name" column="name" />
		<result property="parent_id" column="parent_id" />
		<collection property="beans"
			column="{id=id}"
			javaType="java.util.List" select="getDataChildList"
			ofType="cn.com.softvan.bean.sys.TcSysNewsTypeBean">
		</collection>
	</resultMap>
	<select id="getDataChildList" resultMap="getDataChildListMap" parameterType="tcSysNewsType" >
    select 
     id ,
	 name ,
	 parent_id,
	 sort_num
     from tc_sys_news_type
     where 1=1
  	 and del_flag='0' and parent_id=#{id}
     order by sort_num asc
   </select>
</mapper>